CONTENIDO,,,,,,,,

1,"Divorcios por grupos de edad del esposo, según grupos de edad de la esposa, al momento de la sentencia",,,,,,,
2,"Divorcios por pueblo de pertenencia del hombre, según pueblo de pertenencia de la mujer",,,,,,,
3,"Divorcios por mes registro, según departamento de registro",,,,,,,
4,"Divorcios por subgrupos ocupacionales de la mujer, según subgrupos ocupacionales del hombre",,,,,,,
5,"Divorcios por mes de ocurrencia, según día de ocurrencia",,,,,,,
" Divorcios por grupos de edad del esposo, según grupos de edad de la esposa, al momento de la sentencia, año 2015 ",,,,,,,,,,,,,,
 Edad de la esposa , Total , Edad del esposo ,,,,,,,,,,,,
,, Menos de 15 , 15-19 , 20-24 , 25-29 , 30-34 , 35-39 , 40-44 , 45-49 , 50-54 , 55-59 , 60 y más , Ignorado ,
 Todas las edades , 5.726   , -     , 17   , 266   , 597   , 596   , 412   , 253   , 160   , 96   , 57   , 78   , 3.194   ,
 Menos de 15 , -     , -     , -     , -     , -     , -     , -     , -     , -     , -     , -     , -     , -     ,
 15 - 19 , 105   , -     , 6   , 57   , 23   , 6   , 6   , 2   , 1   , 1   , -     , -     , 3   ,
 20 - 24 , 520   , -     , 8   , 149   , 235   , 82   , 24   , 10   , 4   , -     , 1   , -     , 7   ,
 25 - 29 , 639   , -     , 2   , 49   , 253   , 221   , 55   , 17   , 12   , 1   , -     , 2   , 27   ,
 30 - 34 , 515   , -     , 1   , 6   , 60   , 196   , 144   , 39   , 17   , 5   , 1   , 2   , 44   ,
 35 - 39 , 332   , -     , -     , 2   , 6   , 42   , 118   , 71   , 25   , 10   , 6   , 5   , 47   ,
 40 - 44 , 211   , -     , -     , -     , 4   , 7   , 17   , 61   , 42   , 20   , 8   , 8   , 44   ,
 45 - 49 , 94   , -     , -     , 1   , 2   , 3   , 7   , 10   , 25   , 21   , 5   , 1   , 19   ,
 50 - 54 , 67   , -     , -     , -     , -     , 1   , 2   , 1   , 3   , 16   , 16   , 11   , 17   ,
 55 - 59 , 37   , -     , -     , -     , 1   , -     , 1   , 1   , 1   , 2   , 9   , 15   , 7   ,
 60 y más , 31   , -     , -     , -     , -     , -     , -     , -     , 1   , 2   , 2   , 20   , 6   ,
 Ignorado , 3.175   , -     , -     , 2   , 13   , 38   , 38   , 41   , 29   , 18   , 9   , 14   , 2.973   ,
" Divorcios por pueblo de pertenencia del hombre, según pueblo de pertenencia de la mujer, año 2015 ",,,,,,,
 Pueblo de pertenencia de la mujer , Total , Pueblo de pertenencia del hombre ,,,,,
,, Maya , Garífuna , Xinka , Mestizo / ladino , Otro , Ignorado 
 Todos los pueblos , 5.726 , 345 , 2 , - , 1.925 , 15 , 3.439 
 Maya , 334 , 228 , 1 , - , 47 , 1 , 57 
 Garífuna , 1 , - , 1 , - , - , - , - 
 Xinka , - , - , - , - , - , - , - 
 Mestizo / ladino , 1.983 , 71 , - , - , 1.593 , 7 , 312 
 Otro , 12 , 3 , - , - , 5 , 1 , 3 
 Ignorado , 3.396 , 43 , - , - , 280 , 6 , 3.067 
" Divorcios por mes de registro, según departamento de registro, año 2015 ",,,,,,,,,,,,,
Departamento de registro,Total,Enero,Febrero,Marzo,Abril,Mayo,Junio,Julio,Agosto,Septiembre,Octubre,Noviembre,Diciembre
Todos los departamentos, 5.726 , 389 , 454 , 508 , 443 , 491 , 460 , 519 , 618 , 473 , 510 , 431 , 430 
Guatemala, 2.334 , 143 , 169 , 199 , 175 , 228 , 161 , 199 , 331 , 194 , 211 , 173 , 151 
El Progreso, 99 , 4 , 2 , 7 , 8 , 9 , 13 , 9 , 5 , 9 , 11 , 10 , 12 
Sacatepequez, 106 , 6 , 14 , 14 , 6 , 10 , 8 , 9 , 9 , 7 , 9 , 5 , 9 
Chimaltenango, 124 , 9 , 6 , 5 , 10 , 8 , 16 , 9 , 15 , 11 , 10 , 16 , 9 
Escuintla, 283 , 30 , 26 , 29 , 18 , 31 , 24 , 22 , 17 , 20 , 22 , 23 , 21 
Santa Rosa, 176 , 18 , 13 , 15 , 13 , 12 , 11 , 19 , 13 , 12 , 15 , 18 , 17 
Solola, 69 , 6 , 8 , 7 , 6 , 5 , 4 , 3 , 3 , 4 , 7 , 3 , 13 
Totonicapan, 83 , 2 , 8 , 8 , 7 , 4 , 6 , 10 , 12 , 8 , 3 , 8 , 7 
Quetzaltenango, 394 , 31 , 36 , 33 , 35 , 34 , 34 , 38 , 23 , 32 , 40 , 28 , 30 
Suchitepequez, 151 , 4 , 15 , 9 , 14 , 15 , 18 , 11 , 12 , 9 , 12 , 18 , 14 
Retalhuleu, 167 , 10 , 15 , 27 , 18 , 9 , 11 , 25 , 18 , 9 , 12 , 7 , 6 
San Marcos, 209 , 12 , 15 , 16 , 11 , 20 , 25 , 8 , 16 , 25 , 25 , 16 , 20 
Huehuetenango, 173 , 10 , 12 , 20 , 12 , 10 , 20 , 17 , 22 , 12 , 17 , 4 , 17 
Quiche, 144 , 14 , 11 , 14 , 9 , 11 , 13 , 15 , 12 , 18 , 12 , 9 , 6 
Baja Verapaz, 92 , 1 , 7 , 8 , 12 , 6 , 7 , 8 , 10 , 13 , 8 , 5 , 7 
Alta Verapaz, 140 , 8 , 16 , 14 , 14 , 11 , 7 , 14 , 8 , 15 , 12 , 12 , 9 
Peten, 165 , 12 , 20 , 11 , 11 , 10 , 15 , 16 , 13 , 22 , 8 , 16 , 11 
Izabal, 153 , 12 , 13 , 18 , 16 , 10 , 10 , 14 , 13 , 12 , 16 , 9 , 10 
Zacapa, 145 , 15 , 14 , 16 , 12 , 12 , 8 , 9 , 9 , 11 , 12 , 12 , 15 
Chiquimula, 120 , 10 , 6 , 5 , 6 , 7 , 9 , 17 , 15 , 8 , 14 , 9 , 14 
Jalapa, 127 , 10 , 8 , 5 , 11 , 9 , 13 , 16 , 14 , 7 , 7 , 10 , 17 
Jutiapa, 272 , 22 , 20 , 28 , 19 , 20 , 27 , 31 , 28 , 15 , 27 , 20 , 15 
" Divorcios por subgrupos ocupacionales de la mujer, según subgrupos ocupacionales del hombre, año 2015 ",,,,,,,,,,,,,
 Subgrupos ocupacionales del hombre , Subgrupos ocupacionales de la mujer ,,,,,,,,,,,,
, Total , Ocupaciones militares , Directores y gerentes , Profesionales científicos e intelectuales , Técnicos y profesionales de nivel medio , Personal de apoyo administrativo , Trabajadores de los servicios y vendedores de comercios y mercados ," Agricultores y trabajadores calificados agropecuarios, forestales y pesqueros "," Oficiales, operarios y artesanos de artes mecánicas y de otros oficios ", Operadores de intalaciones y máquinas y ensambladores , Ocupaciones elementales , Ocupación  no especificada , Ignorado 
 Todos los grupos ocupacionales , 5.726 , 1 , 34 , 438 , 174 , 400 , 126 , - , 26 , 14 , 6 , 2.929 , 1.578 
 Ocupaciones militares , 14 , - , - , 5 , 1 , 4 , - , - , - , - , - , 4 , - 
 Directores y gerentes , 45 , - , 7 , 4 , 1 , 12 , 1 , - , - , - , - , 19 , 1 
 Profesionales científicos e intelectuales , 399 , - , 11 , 139 , 17 , 60 , 9 , - , - , - , 1 , 136 , 26 
 Técnicos y profesionales de nivel medio , 341 , - , 2 , 44 , 50 , 73 , 13 , - , 1 , - , 1 , 142 , 15 
 Personal de apoyo administrativo , 249 , - , 4 , 24 , 22 , 60 , 9 , - , 3 , - , 2 , 105 , 20 
 Trabajadores de los servicios y vendedores de comercios y mercados , 335 , - , 2 , 34 , 7 , 28 , 31 , - , 5 , 1 , - , 206 , 21 
" Agricultores y trabajadores calificados agropecuarios, forestales y pesqueros ", 616 , - , 1 , 20 , 12 , 11 , 7 , - , 4 , 5 , - , 490 , 66 
" Oficiales, operarios y artesanos de artes mecánicas y de otros oficios ", 279 , - , - , 16 , 9 , 18 , 11 , - , 4 , - , 1 , 193 , 27 
 Operadores de instalaciones y máquinas y ensambladores , 138 , - , 1 , 12 , 4 , 10 , 5 , - , 2 , 6 , - , 89 , 9 
 Ocupaciones elementales , 163 , - , - , 2 , 3 , 2 , 3 , - , 2 , 1 , 1 , 132 , 17 
 No especificado en otro grupo , 1.671 , 1 , 4 , 112 , 36 , 104 , 25 , - , 5 , - , - , 1.286 , 98 
 Ignorado , 1.476 , - , 2 , 26 , 12 , 18 , 12 , - , - , 1 , - , 127 , 1.278 

"Divorcios por mes de ocurrencia, según día de ocurrencia, año 2015",,,,,,,,,,,,,
Día de ocurrencia,Total,Enero,Febrero,Marzo,Abril,Mayo,Junio,Julio,Agosto,Septiembre,Octubre,Noviembre,Diciembre
Todos los días, 5.726   , 406   , 473   , 562   , 493   , 501   , 554   , 580   , 560   , 478   , 500   , 322   , 297   
1, 116   , -     , -     , -     , 3   , -     , 30   , 22   , -     , 19   , 26   , -     , 16   
2, 184   , -     , 27   , 27   , -     , -     , 24   , 34   , -     , 28   , 26   , 2   , 16   
3, 178   , -     , 20   , 20   , -     , -     , 21   , 22   , 33   , 19   , -     , 19   , 24   
4, 162   , -     , 24   , 22   , -     , 21   , 29   , -     , 19   , 19   , -     , 8   , 20   
5, 184   , 12   , 28   , 24   , -     , 33   , 24   , -     , 25   , -     , 25   , 13   , -     
6, 199   , 9   , 13   , 39   , 39   , 15   , 1   , 25   , 25   , 1   , 22   , 10   , -     
7, 165   , 15   , 1   , -     , 25   , 32   , -     , 21   , 26   , 11   , 23   , -     , 11   
8, 173   , 23   , -     , -     , 20   , 34   , 26   , 16   , -     , 20   , 20   , -     , 14   
9, 201   , 28   , 25   , 26   , 20   , 1   , 13   , 12   , -     , 14   , 28   , 17   , 17   
10, 225   , -     , 33   , 21   , 22   , -     , 31   , 29   , 34   , 22   , 2   , 20   , 11   
11, 163   , -     , 17   , 21   , 1   , 19   , 21   , 1   , 32   , 20   , -     , 15   , 16   
12, 201   , 29   , 27   , 19   , -     , 28   , 24   , -     , 21   , 1   , 30   , 22   , -     
13, 227   , 19   , 24   , 25   , 27   , 22   , -     , 33   , 36   , -     , 29   , 12   , -     
14, 166   , 17   , 1   , 1   , 32   , 15   , -     , 24   , 12   , 25   , 19   , -     , 20   
15, 163   , 17   , -     , 1   , 24   , 23   , 34   , 22   , -     , -     , 32   , 1   , 9   
16, 220   , 13   , 24   , 32   , 21   , -     , 23   , 26   , -     , 27   , 20   , 24   , 10   
17, 181   , 1   , 24   , 24   , 25   , -     , 23   , 29   , 23   , 15   , -     , 12   , 5   
18, 176   , -     , 24   , 19   , -     , 37   , 19   , -     , 30   , 26   , -     , 11   , 10   
19, 194   , 24   , 26   , 25   , -     , 22   , 27   , 1   , 25   , -     , 27   , 17   , -     
20, 207   , 19   , 19   , 21   , 40   , 27   , -     , 31   , 30   , -     , -     , 20   , -     
21, 187   , 25   , -     , -     , 25   , 15   , -     , 20   , 25   , 23   , 31   , -     , 23   
22, 211   , 26   , 1   , 1   , 24   , 29   , 41   , 21   , -     , 26   , 25   , -     , 17   
23, 234   , 20   , 30   , 36   , 17   , -     , 29   , 28   , -     , 16   , 29   , 14   , 15   
24, 173   , -     , 16   , 33   , 19   , -     , 14   , 25   , 29   , 25   , -     , 12   , -     
25, 205   , 1   , 13   , 29   , -     , 34   , 43   , 1   , 27   , 32   , -     , 25   , -     
26, 194   , 29   , 28   , 22   , 1   , 28   , 34   , -     , 29   , -     , 8   , 15   , -     
27, 212   , 18   , 28   , 28   , 25   , 24   , -     , 36   , 22   , -     , 18   , 13   , -     
28, 190   , 24   , -     , -     , 26   , 23   , -     , 14   , 28   , 30   , 23   , 1   , 21   
29, 130   , 22   , -     , -     , 24   , 18   , 3   , 15   , -     , 22   , 14   , -     , 12   
30, 215   , 15   , -     , 21   , 33   , 1   , 20   , 35   , 1   , 37   , 23   , 19   , 10   
31, 90   , -     , -     , 25   , -     , -     , -     , 37   , 28   , -     , -     , -     , -     
CONTENIDO,,,,,,,,

1,"Divorcios por grupos de edad del esposo, según grupos de edad de la esposa, al momento de la sentencia",,,,,,,
2,"Divorcios por pueblo de pertenencia del hombre, según pueblo de pertenencia de la mujer",,,,,,,
3,"Divorcios por mes registro, según departamento de registro",,,,,,,
4,"Divorcios por subgrupos ocupacionales de la mujer, según subgrupos ocupacionales del hombre",,,,,,,
5,"Divorcios por mes de ocurrencia, según día de ocurrencia",,,,,,,
" Divorcios por grupos de edad del esposo, según grupos de edad de la esposa, al momento de la sentencia, año 2014 ",,,,,,,,,,,,,,
 Edad de la esposa , Total , Edad del esposo ,,,,,,,,,,,,
,, Menos de 15 , 15-19 , 20-24 , 25-29 , 30-34 , 35-39 , 40-44 , 45-49 , 50-54 , 55-59 , 60 y más , Ignorado ,
 Todas las edades , 5.575   , -     , 12   , 244   , 505   , 485   , 389   , 225   , 173   , 106   , 54   , 65   , 3.317   ,
 Menos de 15 , -     , -     , -     , -     , -     , -     , -     , -     , -     , -     , -     , -     , -     ,
 15 - 19 , 107   , -     , 9   , 53   , 29   , 12   , 2   , -     , -     , -     , -     , -     , 2   ,
 20 - 24 , 447   , -     , 3   , 138   , 191   , 63   , 20   , 8   , 2   , -     , -     , -     , 22   ,
 25 - 29 , 554   , -     , -     , 40   , 219   , 162   , 63   , 15   , 8   , 1   , 2   , 1   , 43   ,
 30 - 34 , 443   , -     , -     , 3   , 37   , 166   , 110   , 34   , 8   , 6   , 4   , 1   , 74   ,
 35 - 39 , 315   , -     , -     , 3   , 11   , 34   , 107   , 73   , 19   , 14   , 3   , 5   , 46   ,
 40 - 44 , 178   , -     , -     , -     , -     , 5   , 28   , 37   , 57   , 13   , 3   , 2   , 33   ,
 45 - 49 , 121   , -     , -     , -     , 2   , 1   , 1   , 13   , 37   , 25   , 2   , 7   , 33   ,
 50 - 54 , 74   , -     , -     , 1   , -     , 1   , 1   , 4   , 7   , 17   , 15   , 14   , 14   ,
 55 - 59 , 38   , -     , -     , -     , -     , -     , -     , 2   , 3   , 1   , 11   , 13   , 8   ,
 60 y más , 25   , -     , -     , -     , -     , -     , 1   , 1   , -     , 3   , 2   , 10   , 8   ,
 Ignorado , 3.273   , -     , -     , 6   , 16   , 41   , 56   , 38   , 32   , 26   , 12   , 12   , 3.034   ,
" Divorcios por pueblo de pertenencia del hombre, según pueblo de pertenencia de la mujer, año 2014 ",,,,,,,
 Pueblo de pertenencia de la mujer , Total , Pueblo de pertenencia del hombre ,,,,,
,, Maya , Garífuna , Xinka , Mestizo / ladino , Otro , Ignorado 
 Todos los pueblos , 5.575 , 327 , 2 , - , 1.702 , 16 , 3.528 
 Maya , 298 , 223 , - , - , 25 , 1 , 49 
 Garífuna , 2 , - , 1 , - , - , - , 1 
 Xinka , - , - , - , - , - , - , - 
 Mestizo / ladino , 1.770 , 61 , - , - , 1.363 , 10 , 336 
 Otro , 3 , - , - , - , 2 , - , 1 
 Ignorado , 3.502 , 43 , 1 , - , 312 , 5 , 3.141 
" Divorcios por mes de registro, según departamento de registro, año 2014 ",,,,,,,,,,,,,
Departamento de registro,Total,Enero,Febrero,Marzo,Abril,Mayo,Junio,Julio,Agosto,Septiembre,Octubre,Noviembre,Diciembre
Todos los departamentos, 5.575 , 396 , 476 , 553 , 429 , 511 , 546 , 490 , 418 , 420 , 475 , 486 , 375 
Guatemala, 2.180 , 139 , 196 , 190 , 177 , 195 , 245 , 189 , 140 , 146 , 192 , 234 , 137 
El Progreso, 109 , 9 , 12 , 11 , 9 , 5 , 6 , 7 , 4 , 14 , 5 , 9 , 18 
Sacatepéquez, 122 , 10 , 11 , 11 , 6 , 12 , 18 , 6 , 13 , 11 , 6 , 9 , 9 
Chimaltenango, 137 , 8 , 12 , 16 , 10 , 10 , 14 , 14 , 9 , 10 , 8 , 15 , 11 
Escuintla, 273 , 17 , 25 , 31 , 24 , 34 , 19 , 15 , 20 , 23 , 29 , 15 , 21 
Santa Rosa, 124 , 3 , 16 , 8 , 11 , 11 , 12 , 16 , 11 , 12 , 11 , 10 , 3 
Sololá, 61 , 5 , 3 , 6 , 4 , 4 , 3 , 5 , 6 , 5 , 7 , 9 , 4 
Totonicapán, 98 , 11 , 5 , 14 , 6 , 9 , 11 , 9 , 4 , 8 , 11 , 6 , 4 
Quetzaltenango, 350 , 23 , 16 , 37 , 22 , 24 , 27 , 37 , 38 , 29 , 48 , 26 , 23 
Suchitepéquez, 187 , 16 , 19 , 20 , 15 , 12 , 16 , 25 , 16 , 13 , 11 , 12 , 12 
Retalhuleu, 152 , 16 , 11 , 17 , 10 , 11 , 8 , 20 , 16 , 12 , 6 , 16 , 9 
San Marcos, 192 , 21 , 13 , 22 , 16 , 14 , 16 , 7 , 19 , 13 , 21 , 17 , 13 
Huehuetenango, 164 , 7 , 12 , 23 , 11 , 12 , 16 , 17 , 10 , 19 , 12 , 12 , 13 
Quiché, 158 , 11 , 8 , 18 , 10 , 15 , 20 , 9 , 15 , 13 , 21 , 8 , 10 
Baja Verapaz, 101 , 11 , 10 , 8 , 6 , 12 , 6 , 7 , 8 , 10 , 5 , 13 , 5 
Alta Verapaz, 139 , 14 , 6 , 19 , 9 , 18 , 10 , 17 , 11 , 9 , 12 , 7 , 7 
Petén, 129 , 10 , 10 , 10 , 11 , 14 , 18 , 10 , 9 , 15 , 7 , 4 , 11 
Izabal, 153 , 10 , 13 , 20 , 15 , 12 , 9 , 11 , 8 , 14 , 14 , 12 , 15 
Zacapa, 151 , 9 , 16 , 18 , 17 , 12 , 10 , 17 , 15 , 8 , 11 , 6 , 12 
Chiquimula, 147 , 15 , 11 , 16 , 9 , 21 , 22 , 12 , 8 , 2 , 12 , 9 , 10 
Jalapa, 127 , 14 , 17 , 10 , 6 , 20 , 9 , 14 , 10 , 6 , 5 , 8 , 8 
Jutiapa, 321 , 17 , 34 , 28 , 25 , 34 , 31 , 26 , 28 , 28 , 21 , 29 , 20 
" Divorcios por subgrupos ocupacionales de la mujer, según subgrupos ocupacionales del hombre, año 2014 ",,,,,,,,,,,,,
 Subgrupos ocupacionales del hombre , Subgrupos ocupacionales de la mujer ,,,,,,,,,,,,
, Total , Ocupaciones militares , Directores y gerentes , Profesionales científicos e intelectuales , Técnicos y profesionales de nivel medio , Personal de apoyo administrativo , Trabajadores de los servicios y vendedores de comercios y mercados ," Agricultores y trabajadores calificados agropecuarios, forestales y pesqueros "," Oficiales, operarios y artesanos de artes mecánicas y de otros oficios ", Operadores de intalaciones y máquinas y ensambladores , Ocupaciones elementales , Ocupación  no especificada , Ignorado 
 Todos los grupos ocupacionales , 5.575 , 1 , 22 , 454 , 126 , 354 , 130 , - , 21 , 25 , 8 , 2.735 , 1.699 
 Ocupaciones militares , 12 , - , - , 4 , 1 , 1 , - , - , - , - , - , 6 , - 
 Directores y gerentes , 45 , - , 1 , 8 , 2 , 8 , 2 , - , - , 1 , - , 21 , 2 
 Profesionales científicos e intelectuales , 386 , - , 10 , 132 , 23 , 38 , 13 , - , 1 , - , 1 , 144 , 24 
 Técnicos y profesionales de nivel medio , 301 , - , 3 , 67 , 25 , 54 , 13 , - , 1 , - , 1 , 111 , 26 
 Personal de apoyo administrativo , 232 , - , - , 34 , 13 , 64 , 10 , - , - , 1 , - , 91 , 19 
 Trabajadores de los servicios y vendedores de comercios y mercados , 322 , - , 1 , 30 , 9 , 33 , 29 , - , 3 , 3 , - , 201 , 13 
" Agricultores y trabajadores calificados agropecuarios, forestales y pesqueros ", 575 , - , - , 14 , 3 , 11 , 10 , - , 3 , 3 , 2 , 449 , 80 
" Oficiales, operarios y artesanos de artes mecánicas y de otros oficios ", 271 , 1 , 2 , 14 , 11 , 18 , 10 , - , 5 , 5 , 1 , 170 , 34 
 Operadores de intalaciones y máquinas y ensambladores , 143 , - , 1 , 16 , 6 , 6 , 7 , - , 2 , 4 , - , 83 , 18 
 Ocupaciones elementales , 180 , - , - , 7 , 1 , 2 , 2 , - , 1 , 2 , 1 , 145 , 19 
 Ocupación no especificada , 1.552 , - , 2 , 101 , 25 , 102 , 25 , - , 4 , 4 , 2 , 1.184 , 103 
 Ignorado , 1.556 , - , 2 , 27 , 7 , 17 , 9 , - , 1 , 2 , - , 130 , 1.361 










"Divorcios por mes de ocurrencia, según día de ocurrencia, año 2014",,,,,,,,,,,,,
Día de ocurrencia,Total,Enero,Febrero,Marzo,Abril,Mayo,Junio,Julio,Agosto,Septiembre,Octubre,Noviembre,Diciembre
Todos los días, 5.575   , 440   , 480   , 529   , 498   , 504   , 472   , 522   , 444   , 477   , 520   , 346   , 343   
1, 144   , 1   , -     , 3   , 31   , -     , -     , 24   , 19   , 15   , 26   , -     , 25   
2, 156   , 10   , 1   , 1   , 23   , 22   , 19   , 19   , -     , 15   , 21   , 1   , 24   
3, 251   , 10   , 23   , 36   , 25   , 1   , 28   , 30   , -     , 23   , 24   , 20   , 31   
4, 164   , -     , 25   , 26   , 23   , -     , 14   , 13   , 22   , 26   , -     , 11   , 4   
5, 191   , -     , 26   , 27   , -     , 25   , 29   , -     , 22   , 24   , 1   , 16   , 21   
6, 187   , 20   , 20   , 28   , -     , 28   , 21   , -     , 17   , -     , 29   , 24   , -     
7, 233   , 16   , 34   , 36   , 29   , 23   , -     , 26   , 24   , -     , 33   , 12   , -     
8, 153   , 18   , -     , 1   , 22   , 30   , -     , 12   , 20   , 17   , 21   , -     , 12   
9, 187   , 35   , -     , 1   , 26   , 12   , 23   , 21   , 1   , 23   , 29   , -     , 16   
10, 239   , 17   , 28   , 23   , 20   , -     , 22   , 35   , -     , 20   , 34   , 24   , 16   
11, 182   , -     , 26   , 22   , 22   , -     , 23   , 19   , 10   , 34   , -     , 13   , 13   
12, 199   , -     , 18   , 24   , 1   , 31   , 31   , -     , 27   , 23   , -     , 24   , 20   
13, 160   , 18   , 23   , 27   , -     , 16   , 17   , 1   , 17   , -     , 23   , 17   , 1   
14, 211   , 19   , 25   , 17   , 34   , 17   , -     , 29   , 25   , 1   , 27   , 17   , -     
15, 139   , 12   , 1   , -     , 27   , 30   , -     , 18   , 10   , -     , 19   , -     , 22   
16, 161   , 19   , 1   , -     , 1   , 15   , 39   , 21   , -     , 21   , 29   , -     , 15   
17, 190   , 20   , 27   , 25   , 1   , 1   , 17   , 24   , -     , 19   , 17   , 25   , 14   
18, 168   , -     , 24   , 22   , 1   , -     , 22   , 15   , 22   , 26   , -     , 15   , 21   
19, 184   , -     , 26   , 23   , -     , 37   , 26   , -     , 18   , 25   , -     , 13   , 16   
20, 163   , 35   , 25   , 26   , 1   , 22   , 18   , 1   , 19   , -     , 2   , 14   , -     
21, 183   , 19   , 20   , 25   , 19   , 21   , -     , 26   , 28   , 1   , 14   , 10   , -     
22, 197   , 16   , 2   , 1   , 29   , 33   , 1   , 26   , 23   , 34   , 17   , -     , 15   
23, 164   , 31   , 2   , -     , 20   , 16   , 20   , 20   , -     , 19   , 27   , -     , 9   
24, 227   , 24   , 22   , 26   , 39   , 1   , 17   , 45   , 1   , 9   , 25   , 18   , -     
25, 178   , -     , 32   , 22   , 24   , -     , 26   , 20   , 16   , 20   , -     , 18   , -     
26, 165   , -     , 16   , 23   , -     , 31   , 32   , -     , 21   , 25   , -     , 17   , -     
27, 183   , 21   , 18   , 24   , -     , 23   , 27   , 2   , 24   , -     , 24   , 20   , -     
28, 195   , 20   , 15   , 18   , 32   , 20   , -     , 17   , 34   , 2   , 19   , 17   , 1   
29, 180   , 22   , -     , -     , 32   , 27   , -     , 10   , 23   , 32   , 20   , -     , 14   
30, 168   , 18   , -     , 1   , 16   , 22   , -     , 15   , 1   , 23   , 39   , -     , 33   
31, 73   , 19   , -     , 21   , -     , -     , -     , 33   , -     , -     , -     , -     , -     
CONTENIDO,,,,,,,,

,Presentación,,,,,,,
,"Divorcios por año de ocurrencia, según departamento de registro",,,,,,,
1,"Divorcios por grupos de edad del esposo, según grupos de edad de la esposa, al momento de la sentencia",,,,,,,
2,"Divorcios por pueblo de pertenencia del esposo, según pueblo de pertenencia de la esposa",,,,,,,
3,"Divorcios por mes registro, según departamento de registro",,,,,,,
4,"Divorcios por grupos ocupacionales de la esposa, según grupos ocupacionales del esposo",,,,,,,
5,"Divorcios por mes de ocurrencia, según día de ocurrencia",,,,,,,
,Tasa de Divorcialidad,,,,,,,
,Nota Técnica,,,,,,,
" Divorcios por años de ocurrencia, según departamento de registro ",,,,,
"Serie histórica, 2019 - 2023",,,,,
 Departamento de registro , Año de ocurrencia ,,,,
,2019,2020,2021,2022,2023
Todos los departamentos, 8.203 , 4.074 , 9.621 , 9.950 , 10.250 
Guatemala, 3.687 , 1.412 , 3.481 , 3.494 , 3.631 
El Progreso, 144 , 67 , 232 , 183 , 152 
Sacatepéquez, 185 , 98 , 209 , 201 , 226 
Chimaltenango, 171 , 127 , 270 , 209 , 209 
Escuintla, 335 , 137 , 407 , 414 , 411 
Santa Rosa, 189 , 160 , 323 , 311 , 276 
Sololá, 104 , 42 , 94 , 125 , 156 
Totonicapán, 128 , 73 , 143 , 161 , 135 
Quetzaltenango, 739 , 442 , 897 , 957 , 1.056 
Suchitepéquez, 195 , 153 , 345 , 479 , 467 
Retalhuleu, 189 , 113 , 307 , 351 , 344 
San Marcos, 267 , 178 , 381 , 484 , 485 
Huehuetenango, 229 , 128 , 370 , 414 , 411 
Quiché, 188 , 139 , 262 , 295 , 321 
Baja Verapaz, 130 , 43 , 139 , 125 , 205 
Alta Verapaz, 132 , 91 , 174 , 167 , 167 
Petén, 212 , 118 , 277 , 343 , 336 
Izabal, 208 , 122 , 303 , 251 , 323 
Zacapa, 202 , 80 , 178 , 202 , 167 
Chiquimula, 159 , 132 , 283 , 222 , 212 
Jalapa, 212 , 95 , 263 , 268 , 207 
Jutiapa, 198 , 124 , 283 , 294 , 353 
" Fuente: Estadísticas Vitales, INE. Elaborado con base en los datos recibidos del RENAP ",,,,,
" Nota: En el cuadro de datos, los guiones (""-"") se utilizan para indicar valores nulos o ceros. ",,,,,

" Divorcios por grupos de edad del esposo, según grupos de edad de la esposa, al momento de la sentencia, año 2023 ",,,,,,,,,,,,,
 Edad de la esposa , Total , Edad del esposo ,,,,,,,,,,,
,, Menos de 20 , 20-24 , 25-29 , 30-34 , 35-39 , 40-44 , 45-49 , 50-54 , 55-59 , 60 y más , Ignorado ,
 Todas las edades , 10.250   , 4   , 191   , 1.104   , 1.792   , 1.387   , 1.019   , 615   , 402   , 227   , 243   , 3.266   ,
 Menos de 20 , 14   , 2   , 4   , 6   , 1   , -     , -     , -     , -     , -     , 1   , -     ,
 20 - 24 , 521   , 2   , 129   , 256   , 90   , 22   , 11   , 3   , 2   , 3   , 3   , -     ,
 25 - 29 , 1.631   , -     , 51   , 644   , 669   , 187   , 45   , 12   , 14   , 4   , 4   , 1   ,
 30 - 34 , 1.779   , -     , 4   , 154   , 806   , 548   , 178   , 40   , 19   , 7   , 10   , 13   ,
 35 - 39 , 1.204   , -     , 2   , 26   , 171   , 438   , 346   , 111   , 33   , 12   , 17   , 48   ,
 40 - 44 , 810   , -     , 1   , 11   , 34   , 128   , 282   , 184   , 61   , 26   , 26   , 57   ,
 45 - 49 , 501   , -     , -     , 3   , 11   , 25   , 65   , 168   , 115   , 40   , 25   , 49   ,
 50 - 54 , 284   , -     , -     , 2   , 4   , 2   , 22   , 41   , 86   , 58   , 32   , 37   ,
 55 - 59 , 135   , -     , -     , 2   , -     , 3   , 4   , 6   , 18   , 33   , 46   , 23   ,
 60 y más , 109   , -     , -     , -     , 1   , 1   , 2   , 3   , 9   , 15   , 57   , 21   ,
 Ignorado , 3.262   , -     , -     , -     , 5   , 33   , 64   , 47   , 45   , 29   , 22   , 3.017   ,
" Fuente: Estadísticas Vitales, INE. Elaborado con base en los datos recibidos del RENAP ",,,,,,,,,,,,,
" Nota: En el cuadro de datos, los guiones (""-"") se utilizan para indicar valores nulos o ceros. ",,,,,,,,,,,,,
" Divorcios por pueblo de pertenencia del esposo, según pueblo de pertenencia de la esposa, año 2023 ",,,,,,,
 Pueblo de pertenencia de la esposa , Total , Pueblo de pertenencia del esposo ,,,,,
,, Maya , Garífuna , Xinka , Mestizo / ladino , Otro , Ignorado 
 Todos los pueblos , 10.250 , 1.003 , 4 , 3 , 5.436 , 96 , 3.708 
 Maya , 919 , 697 , - , - , 149 , 6 , 67 
 Garífuna , 3 , - , 2 , - , - , - , 1 
 Xinka , 5 , - , - , - , 5 , - , - 
 Mestizo / ladino , 5.454 , 202 , 1 , 1 , 4.658 , 61 , 531 
 Otro , 120 , 17 , - , - , 74 , 9 , 20 
 Ignorado , 3.749 , 87 , 1 , 2 , 550 , 20 , 3.089 
" Fuente: Estadísticas Vitales, INE. Elaborado con base en los datos recibidos del RENAP ",,,,,,,
" Nota: En el cuadro de datos, los guiones (""-"") se utilizan para indicar valores nulos o ceros. ",,,,,,,
" Divorcios por mes de registro, según departamento de registro, año 2023 ",,,,,,,,,,,,,
Departamento de registro,Total,Enero,Febrero,Marzo,Abril,Mayo,Junio,Julio,Agosto,Septiembre,Octubre,Noviembre,Diciembre
Todos los departamentos, 10.250 , 844 , 780 , 983 , 790 , 903 , 930 , 822 , 934 , 864 , 780 , 891 , 729 
Guatemala, 3.631 , 290 , 260 , 301 , 305 , 322 , 320 , 331 , 356 , 289 , 234 , 327 , 296 
El Progreso, 152 , 13 , 16 , 18 , 13 , 9 , 15 , 8 , 17 , 8 , 8 , 16 , 11 
Sacatepéquez, 226 , 20 , 16 , 27 , 19 , 15 , 23 , 22 , 18 , 20 , 18 , 18 , 10 
Chimaltenango, 209 , 15 , 18 , 20 , 17 , 13 , 17 , 15 , 28 , 13 , 15 , 29 , 9 
Escuintla, 411 , 34 , 36 , 39 , 23 , 29 , 30 , 35 , 39 , 40 , 25 , 46 , 35 
Santa Rosa, 276 , 20 , 28 , 31 , 18 , 24 , 38 , 15 , 13 , 29 , 8 , 36 , 16 
Sololá, 156 , 18 , 7 , 20 , 22 , 20 , 17 , 13 , 15 , 14 , - , 3 , 7 
Totonicapán, 135 , 15 , 14 , 18 , 6 , 17 , 15 , 10 , 9 , 14 , 6 , 6 , 5 
Quetzaltenango, 1.056 , 110 , 72 , 101 , 95 , 114 , 91 , 73 , 98 , 90 , 83 , 74 , 55 
Suchitepéquez, 467 , 27 , 33 , 56 , 28 , 27 , 54 , 50 , 38 , 33 , 48 , 39 , 34 
Retalhuleu, 344 , 25 , 34 , 34 , 22 , 31 , 35 , 27 , 33 , 22 , 30 , 33 , 18 
San Marcos, 485 , 40 , 37 , 51 , 37 , 40 , 38 , 34 , 46 , 45 , 36 , 39 , 42 
Huehuetenango, 411 , 30 , 44 , 26 , 24 , 45 , 37 , 32 , 32 , 29 , 45 , 40 , 27 
Quiche, 321 , 26 , 12 , 24 , 22 , 22 , 38 , 22 , 34 , 29 , 37 , 17 , 38 
Baja Verapaz, 205 , 29 , 19 , 31 , 7 , 12 , 15 , 18 , 18 , 15 , 24 , 10 , 7 
Alta Verapaz, 167 , 10 , 24 , 21 , 7 , 15 , 14 , 11 , 8 , 21 , 9 , 11 , 16 
Peten, 336 , 21 , 14 , 45 , 24 , 27 , 29 , 17 , 34 , 33 , 38 , 26 , 28 
Izabal, 323 , 25 , 24 , 30 , 24 , 30 , 21 , 21 , 30 , 28 , 33 , 38 , 19 
Zacapa, 167 , 12 , 17 , 15 , 14 , 10 , 16 , 13 , 14 , 19 , 14 , 16 , 7 
Chiquimula, 212 , 16 , 19 , 16 , 25 , 20 , 18 , 15 , 17 , 18 , 11 , 24 , 13 
Jalapa, 207 , 27 , 11 , 27 , 12 , 24 , 12 , 14 , 13 , 14 , 21 , 20 , 12 
Jutiapa, 353 , 21 , 25 , 32 , 26 , 37 , 37 , 26 , 24 , 41 , 37 , 23 , 24 
" Fuente: Estadísticas Vitales, INE. Elaborado con base en los datos recibidos del RENAP ",,,,,,,,,,,,,
" Nota: En el cuadro de datos, los guiones (""-"") se utilizan para indicar valores nulos o ceros. ",,,,,,,,,,,,,
" Divorcios por grupos ocupacionales de la esposa, según subgrupos ocupacionales del esposo, año 2023 ",,,,,,,,,,,,,
 Grupos ocupacionales del esposo , Grupos ocupacionales de la esposa ,,,,,,,,,,,,
, Total , Ocupaciones militares , Directores y gerentes , Profesionales científicos e intelectuales , Técnicos y profesionales de nivel medio , Personal de apoyo administrativo , Trabajadores de los servicios y vendedores de comercios y mercados ," Agricultores y trabajadores calificados agropecuarios, forestales y pesqueros "," Oficiales, operarios y artesanos de artes mecánicas y de otros oficios ", Operadores de instalaciones y máquinas y ensambladores , Ocupaciones elementales , Ocupación  no especificada , Ignorado 
 Todos los grupos ocupacionales , 10.250 , 1 , 39 , 1.143 , 463 , 750 , 451 , - , 63 , 30 , 430 , 5.236 , 1.644 
 Ocupaciones militares , 24 , - , - , 11 , - , 5 , - , - , - , - , - , 8 , - 
 Directores y gerentes , 46 , - , 4 , 16 , 5 , 5 , 1 , - , - , - , 1 , 14 , - 
 Profesionales científicos e intelectuales , 783 , - , 11 , 326 , 49 , 66 , 32 , - , 2 , - , 19 , 278 , - 
 Técnicos y profesionales de nivel medio , 845 , - , 3 , 166 , 108 , 140 , 47 , - , 8 , 3 , 26 , 344 , - 
 Personal de apoyo administrativo , 443 , - , 2 , 72 , 51 , 113 , 22 , - , 1 , 2 , 15 , 165 , - 
 Trabajadores de los servicios y vendedores de comercios y mercados , 997 , - , 3 , 118 , 40 , 96 , 139 , - , 12 , 2 , 38 , 549 , - 
" Agricultores y trabajadores calificados agropecuarios, forestales y pesqueros ", 40 , - , - , 3 , - , 1 , 1 , - , - , - , 4 , 31 , - 
" Oficiales, operarios y artesanos de artes mecánicas y de otros oficios ", 871 , - , 1 , 73 , 50 , 53 , 61 , - , 18 , 4 , 49 , 562 , - 
 Operadores de instalaciones y máquinas y ensambladores , 364 , - , - , 25 , 16 , 36 , 28 , - , 2 , 8 , 21 , 228 , - 
 Ocupaciones elementales , 1.606 , 1 , - , 54 , 30 , 31 , 43 , - , 11 , 8 , 133 , 1.295 , - 
 No especificado en otro grupo , 2.587 , - , 15 , 279 , 114 , 204 , 77 , - , 9 , 3 , 124 , 1.762 , - 
 Ignorado , 1.644 , - , - , - , - , - , - , - , - , - , - , - , 1.644 
" Fuente: Estadísticas Vitales, INE. Elaborado con base en los datos recibidos del RENAP ",,,,,,,,,,,,,
" Nota: En el cuadro de datos, los guiones (""-"") se utilizan para indicar valores nulos o ceros. ",,,,,,,,,,,,,
"Divorcios por mes de ocurrencia, según día de ocurrencia, año 2023",,,,,,,,,,,,,
Día de ocurrencia,Total,Enero,Febrero,Marzo,Abril,Mayo,Junio,Julio,Agosto,Septiembre,Octubre,Noviembre,Diciembre
Todos los días, 10.250   , 855   , 845   , 1.052   , 674   , 958   , 987   , 836   , 1.033   , 901   , 842   , 770   , 497   
1, 277   , 1   , 43   , 47   , -     , -     , 46   , 1   , 53   , 51   , -     , -     , 35   
2, 318   , -     , 47   , 54   , -     , 56   , 30   , -     , 36   , -     , 55   , 40   , -     
3, 324   , 22   , 36   , 51   , 31   , 48   , 1   , 3   , 41   , -     , 49   , 42   , -     
4, 300   , 26   , -     , 1   , 24   , 39   , -     , 57   , 42   , 50   , 34   , 3   , 24   
5, 312   , 24   , -     , -     , -     , 43   , 73   , 57   , -     , 52   , 42   , -     , 21   
6, 328   , 29   , 30   , 46   , -     , -     , 39   , 41   , -     , 41   , 37   , 33   , 32   
7, 320   , -     , 46   , 34   , 3   , -     , 38   , 25   , 46   , 48   , -     , 40   , 40   
8, 305   , 1   , 30   , 35   , -     , 34   , 53   , -     , 58   , 42   , -     , 31   , 21   
9, 336   , 42   , 55   , 47   , -     , 50   , 39   , -     , 33   , -     , 23   , 47   , -     
10, 364   , 45   , 38   , 45   , 52   , 19   , -     , 47   , 63   , -     , 28   , 27   , -     
11, 302   , 42   , -     , 1   , 41   , 42   , -     , 36   , 32   , 51   , 22   , -     , 35   
12, 333   , 37   , -     , 1   , 45   , 47   , 54   , 31   , -     , 49   , 33   , -     , 36   
13, 375   , 48   , 39   , 47   , 48   , -     , 56   , 40   , -     , 48   , 25   , 5   , 19   
14, 373   , -     , 45   , 53   , 36   , -     , 45   , 41   , 31   , 49   , -     , 44   , 29   
15, 285   , 3   , 35   , 42   , -     , 43   , 55   , -     , 37   , 1   , 1   , 39   , 29   
16, 341   , 40   , 50   , 55   , -     , 45   , 24   , 2   , 44   , -     , 38   , 43   , -     
17, 354   , 44   , 39   , 40   , 34   , 41   , -     , 39   , 52   , 1   , 30   , 34   , -     
18, 329   , 38   , 2   , -     , 33   , 52   , -     , 47   , 38   , 58   , 37   , -     , 24   
19, 326   , 38   , -     , -     , 24   , 39   , 54   , 35   , 1   , 40   , 58   , -     , 37   
20, 425   , 43   , 50   , 49   , 52   , -     , 54   , 65   , -     , 42   , 2   , 43   , 25   
21, 329   , 1   , 52   , 52   , 31   , -     , 52   , 35   , 2   , 35   , -     , 39   , 30   
22, 348   , -     , 41   , 46   , -     , 48   , 58   , -     , 73   , 42   , 1   , 38   , 1   
23, 401   , 59   , 55   , 55   , 1   , 46   , 25   , 1   , 51   , 2   , 60   , 46   , -     
24, 386   , 35   , 42   , 39   , 60   , 37   , -     , 45   , 48   , -     , 50   , 30   , -     
25, 318   , 56   , -     , 1   , 40   , 52   , -     , 43   , 56   , 22   , 48   , -     , -     
26, 287   , 39   , -     , -     , 38   , 58   , 5   , 26   , 1   , 46   , 55   , 1   , 18   
27, 422   , 45   , 35   , 45   , 53   , 1   , 59   , 38   , -     , 39   , 45   , 46   , 16   
28, 368   , 3   , 35   , 45   , 28   , -     , 52   , 41   , 55   , 48   , -     , 36   , 25   
29, 240   , -     , -     , 37   , -     , 43   , 43   , 1   , 41   , 44   , 1   , 30   , -     
30, 308   , 53   , -     , 47   , -     , 34   , 32   , -     , 46   , -     , 63   , 33   , -     
31, 216   , 41   , -     , 37   , -     , 41   , -     , 39   , 53   , -     , 5   , -     , -     
" Fuente: Estadísticas Vitales, INE. Elaborado con base en los datos recibidos del RENAP ",,,,,,,,,,,,,
" Nota: En el cuadro de datos, los guiones (""-"") se utilizan para indicar valores nulos o ceros. ",,,,,,,,,,,,,
"Tasa bruta de divorcios por  cada 100,000 habitantes",,,,,,,,,,,,,,,,,,,
"Por año de ocurrencia, según departamento de ocurrencia",,,,,,,,,,,,,,,,,,,
Año,2019,2020,2021,2022,2023,,,,,,,,,,,,,,
República,"49,4","24,2","56,2","57,3","58,2",,,,,,,,,,,,,,
Guatemala,"100,5","38,7","93,8","91,5","93,7",,,,,,,,,,,,,,
El Progreso,"76,1","35,2","106,0","91,5","76,2",,,,,,,,,,,,,,
Sacatepéquez,"43,8","21,8","47,7","43,2","51,4",,,,,,,,,,,,,,
Chimaltenango,"23,9","16,6","34,6","27,7","28,4",,,,,,,,,,,,,,
Escuintla,"49,8","21,7","61,8","61,1","62,2",,,,,,,,,,,,,,
Santa Rosa,"47,8","37,2","72,4","70,0","58,9",,,,,,,,,,,,,,
Sololá,"23,9","8,8","20,2","28,5","34,2",,,,,,,,,,,,,,
Totonicapán,"32,7","18,1","36,4","40,1","36,4",,,,,,,,,,,,,,
Quetzaltenango,"74,2","41,8","84,4","86,0","87,4",,,,,,,,,,,,,,
Suchitepéquez,"40,8","25,9","53,7","78,3","74,4",,,,,,,,,,,,,,
Retalhuleu,"53,9","32,1","82,9","86,7","93,1",,,,,,,,,,,,,,
San Marcos,"27,3","17,6","38,0","46,8","45,5",,,,,,,,,,,,,,
Huehuetenango,"18,6","10,1","28,5","31,5","30,7",,,,,,,,,,,,,,
Quiché,"19,6","13,8","25,9","28,5","28,6",,,,,,,,,,,,,,
Baja Verapaz,"49,0","15,2","51,3","42,8","69,3",,,,,,,,,,,,,,
Alta Verapaz,"10,4","7,7","14,3","14,3","13,0",,,,,,,,,,,,,,
Petén,"31,3","17,3","41,5","51,6","50,6",,,,,,,,,,,,,,
Izabal,"49,0","30,4","69,4","63,2","74,4",,,,,,,,,,,,,,
Zacapa,"74,7","34,0","65,8","71,4","61,6",,,,,,,,,,,,,,
Chiquimula,"42,0","23,3","60,1","46,8","53,1",,,,,,,,,,,,,,
Jalapa,"48,0","23,1","60,6","58,4","44,7",,,,,,,,,,,,,,
Jutiapa,"43,4","28,2","67,2","72,0","83,9",,,,,,,,,,,,,,
" Fuente: Estadísticas Vitales, INE. Elaborado con base en los datos recibidos del RENAP ",,,,,,,,,,,,,,,,,,,
" Nota: En el cuadro de datos, los guiones (""-"") se utilizan para indicar valores nulos o ceros. ",,,,,,,,,,,,,,,,,,,


Nota Técnica,,,,,,,,,,,,



Tasa bruta de divorcios por departamento. Serie Histórica 2019-2023,,,,,,,,,,,,

"Tasa bruta de divorcios por cada 1,000 habitantes por departamento, incluye series históricas con la tasa bruta de divorcios desagregada por departamento.

Para el cálculo de la tasa se analizan los casos de divorcios celebrados en un periodo determinado dividido entre la población media del mismo periodo (años 2019-2023, estimaciones y proyecciones censo nacional 2018) por cada 1,000 habitantes.",,,,,,,,,,,,
Formula de cálculo:,,,,,,,,,,,,



CONTENIDO,,,,,,,,

,Presentación,,,,,,,
1,"Divorcios por grupos de edad del esposo, según grupos de edad de la esposa, al momento de la sentencia",,,,,,,
2,"Divorcios por pueblo de pertenencia del esposo, según pueblo de pertenencia de la esposa",,,,,,,
3,"Divorcios por mes registro, según departamento de registro",,,,,,,
4,"Divorcios por grupos ocupacionales de la esposa, según grupos ocupacionales del esposo",,,,,,,
5,"Divorcios por mes de ocurrencia, según día de ocurrencia",,,,,,,
" Divorcios por grupos de edad del esposo, según grupos de edad de la esposa, al momento de la sentencia, año 2022 ",,,,,,,,,,,,,
 Edad de la esposa , Total , Edad del esposo ,,,,,,,,,,,
,, Menos de 20 , 20-24 , 25-29 , 30-34 , 35-39 , 40-44 , 45-49 , 50-54 , 55-59 , 60 y más , Ignorado ,
 Todas las edades , 9.950   , 2   , 204   , 1.083   , 1.749   , 1.316   , 863   , 576   , 292   , 191   , 200   , 3.474   ,
 Menos de 20 , 9   , 1   , 7   , 1   , -     , -     , -     , -     , -     , -     , -     , -     ,
 20 - 24 , 581   , -     , 139   , 286   , 100   , 35   , 8   , 4   , 5   , 2   , 2   , -     ,
 25 - 29 , 1.603   , 1   , 52   , 629   , 672   , 179   , 44   , 12   , 6   , 4   , 4   , -     ,
 30 - 34 , 1.670   , -     , 4   , 132   , 767   , 528   , 140   , 45   , 16   , 7   , 4   , 27   ,
 35 - 39 , 1.062   , -     , 1   , 24   , 143   , 399   , 285   , 97   , 21   , 19   , 16   , 57   ,
 40 - 44 , 756   , -     , 1   , 5   , 36   , 100   , 262   , 198   , 52   , 19   , 20   , 63   ,
 45 - 49 , 388   , -     , -     , 2   , 19   , 22   , 58   , 122   , 82   , 23   , 24   , 36   ,
 50 - 54 , 224   , -     , -     , -     , 4   , 6   , 11   , 36   , 68   , 51   , 24   , 24   ,
 55 - 59 , 92   , -     , -     , -     , 1   , -     , -     , 5   , 10   , 35   , 27   , 14   ,
 60 y más , 92   , -     , -     , 1   , 1   , 2   , 3   , 2   , 6   , 7   , 53   , 17   ,
 Ignorado , 3.473   , -     , -     , 3   , 6   , 45   , 52   , 55   , 26   , 24   , 26   , 3.236   ,
" Fuente: Estadísticas Vitales, INE ",,,,,,,,,,,,,
" Nota: En el cuadro de datos, los guiones (""-"") se utilizan para indicar valores nulos o ceros. ",,,,,,,,,,,,,
" Divorcios por pueblo de pertenencia del esposo, según pueblo de pertenencia de la esposa, año 2022 ",,,,,,,
 Pueblo de pertenencia de la esposa , Total , Pueblo de pertenencia del esposo ,,,,,
,, Maya , Garífuna , Xinka , Mestizo / ladino , Otro , Ignorado 
 Todos los pueblos , 9.950 , 902 , 2 , 4 , 4.994 , 158 , 3.890 
 Maya , 854 , 622 , - , - , 143 , 16 , 73 
 Garífuna , 1 , - , - , - , - , - , 1 
 Xinka , 8 , - , - , - , 7 , - , 1 
 Mestizo / ladino , 4.994 , 204 , 1 , 3 , 4.230 , 99 , 457 
 Otro , 169 , 13 , - , - , 111 , 18 , 27 
 Ignorado , 3.924 , 63 , 1 , 1 , 503 , 25 , 3.331 
" Fuente: Estadísticas Vitales, INE ",,,,,,,
" Nota: En el cuadro de datos, los guiones (""-"") se utilizan para indicar valores nulos o ceros. ",,,,,,,
" Divorcios por mes de registro, según departamento de registro, año 2022 ",,,,,,,,,,,,,
Departamento de registro,Total,Enero,Febrero,Marzo,Abril,Mayo,Junio,Julio,Agosto,Septiembre,Octubre,Noviembre,Diciembre
Todos los departamentos, 9.950 , 726 , 640 , 929 , 746 , 786 , 1.021 , 762 , 1.014 , 913 , 898 , 827 , 688 
Guatemala, 3.494 , 264 , 237 , 292 , 260 , 262 , 359 , 264 , 370 , 344 , 309 , 301 , 232 
El Progreso, 183 , 11 , 8 , 26 , 17 , 14 , 25 , 13 , 29 , 10 , 11 , 4 , 15 
Sacatepéquez, 201 , 12 , 13 , 16 , 25 , 9 , 28 , 13 , 16 , 25 , 15 , 15 , 14 
Chimaltenango, 209 , 17 , 15 , 28 , 23 , 18 , 15 , 19 , 17 , 18 , 14 , 11 , 14 
Escuintla, 414 , 19 , 17 , 43 , 34 , 37 , 35 , 42 , 38 , 42 , 38 , 37 , 32 
Santa Rosa, 311 , 25 , 15 , 47 , 14 , 22 , 21 , 33 , 32 , 21 , 30 , 18 , 33 
Sololá, 125 , 19 , 15 , 11 , 4 , 6 , 14 , 6 , 12 , 6 , 12 , 9 , 11 
Totonicapán, 161 , 11 , 11 , 19 , 13 , 19 , 16 , 12 , 14 , 13 , 14 , 11 , 8 
Quetzaltenango, 957 , 67 , 71 , 81 , 79 , 85 , 92 , 68 , 112 , 72 , 100 , 73 , 57 
Suchitepéquez, 479 , 33 , 23 , 41 , 35 , 37 , 46 , 43 , 54 , 46 , 42 , 55 , 24 
Retalhuleu, 351 , 21 , 16 , 39 , 28 , 30 , 47 , 29 , 34 , 35 , 26 , 20 , 26 
San Marcos, 484 , 32 , 28 , 37 , 51 , 37 , 48 , 40 , 47 , 42 , 37 , 45 , 40 
Huehuetenango, 414 , 22 , 35 , 41 , 39 , 42 , 40 , 33 , 48 , 36 , 38 , 31 , 9 
Quiche, 295 , 19 , 13 , 19 , 20 , 25 , 39 , 30 , 24 , 19 , 24 , 42 , 21 
Baja Verapaz, 125 , 20 , 8 , 8 , 5 , 11 , 6 , 1 , 4 , 12 , 18 , 15 , 17 
Alta Verapaz, 167 , 18 , 10 , 21 , 10 , 22 , 16 , 11 , 13 , 14 , 17 , 9 , 6 
Peten, 343 , 36 , 18 , 35 , 19 , 23 , 27 , 18 , 39 , 38 , 31 , 24 , 35 
Izabal, 251 , 11 , 23 , 27 , 19 , 16 , 24 , 17 , 28 , 25 , 24 , 26 , 11 
Zacapa, 202 , 18 , 15 , 20 , 14 , 14 , 22 , 13 , 16 , 13 , 18 , 19 , 20 
Chiquimula, 222 , 16 , 16 , 24 , 11 , 21 , 26 , 20 , 18 , 22 , 22 , 15 , 11 
Jalapa, 268 , 22 , 15 , 37 , 6 , 3 , 50 , 16 , 17 , 22 , 32 , 25 , 23 
Jutiapa, 294 , 13 , 18 , 17 , 20 , 33 , 25 , 21 , 32 , 38 , 26 , 22 , 29 
" Fuente: Estadísticas Vitales, INE ",,,,,,,,,,,,,
" Nota: En el cuadro de datos, los guiones (""-"") se utilizan para indicar valores nulos o ceros. ",,,,,,,,,,,,,
" Divorcios por grupos ocupacionales de la esposa, según subgrupos ocupacionales del esposo, año 2022 ",,,,,,,,,,,,,
 Grupos ocupacionales del esposo , Grupos ocupacionales de la esposa ,,,,,,,,,,,,
, Total , Ocupaciones militares , Directores y gerentes , Profesionales científicos e intelectuales , Técnicos y profesionales de nivel medio , Personal de apoyo administrativo , Trabajadores de los servicios y vendedores de comercios y mercados ," Agricultores y trabajadores calificados agropecuarios, forestales y pesqueros "," Oficiales, operarios y artesanos de artes mecánicas y de otros oficios ", Operadores de instalaciones y máquinas y ensambladores , Ocupaciones elementales , Ocupación  no especificada , Ignorado 
 Todos los grupos ocupacionales , 9.950 , 3 , 28 , 1.043 , 418 , 733 , 398 , - , 82 , 30 , 22 , 5.287 , 1.906 
 Ocupaciones militares , 18 , 2 , - , 4 , - , 4 , 1 , - , - , - , - , 6 , 1 
 Directores y gerentes , 46 , - , 3 , 9 , 2 , 10 , 3 , - , - , - , - , 17 , 2 
 Profesionales científicos e intelectuales , 678 , 1 , 11 , 282 , 46 , 45 , 23 , - , 1 , 1 , 1 , 251 , 16 
 Técnicos y profesionales de nivel medio , 821 , - , 1 , 156 , 120 , 139 , 39 , - , 5 , - , 1 , 337 , 23 
 Personal de apoyo administrativo , 414 , - , 2 , 53 , 34 , 118 , 25 , - , 4 , 1 , - , 160 , 17 
 Trabajadores de los servicios y vendedores de comercios y mercados , 941 , - , 3 , 108 , 36 , 85 , 116 , - , 7 , 2 , 5 , 535 , 44 
" Agricultores y trabajadores calificados agropecuarios, forestales y pesqueros ", 32 , - , - , 4 , 4 , 1 , - , - , - , - , - , 18 , 5 
" Oficiales, operarios y artesanos de artes mecánicas y de otros oficios ", 722 , - , 1 , 57 , 26 , 47 , 35 , - , 28 , 3 , 4 , 468 , 53 
 Operadores de instalaciones y máquinas y ensambladores , 331 , - , 2 , 38 , 16 , 27 , 18 , - , 2 , 5 , 2 , 204 , 17 
 Ocupaciones elementales , 1.551 , - , - , 52 , 38 , 37 , 46 , - , 18 , 6 , 4 , 1.245 , 105 
 No especificado en otro grupo , 2.675 , - , 5 , 260 , 86 , 204 , 77 , - , 12 , 11 , 4 , 1.904 , 112 
 Ignorado , 1.721 , - , - , 20 , 10 , 16 , 15 , - , 5 , 1 , 1 , 142 , 1.511 
" Fuente: Estadísticas Vitales, INE ",,,,,,,,,,,,,
" Nota: En el cuadro de datos, los guiones (""-"") se utilizan para indicar valores nulos o ceros. ",,,,,,,,,,,,,
"Divorcios por mes de ocurrencia, según día de ocurrencia, año 2022",,,,,,,,,,,,,
Día de ocurrencia,Total,Enero,Febrero,Marzo,Abril,Mayo,Junio,Julio,Agosto,Septiembre,Octubre,Noviembre,Diciembre
Todos los días, 9.950   , 664   , 826   , 1.015   , 689   , 939   , 924   , 863   , 1.047   , 875   , 843   , 667   , 598   
1, 353   , -     , 40   , 52   , 31   , 2   , 47   , 25   , 54   , 62   , -     , -     , 40   
2, 289   , 1   , 37   , 42   , 1   , 3   , 51   , -     , 46   , 31   , -     , 35   , 42   
3, 320   , 2   , 52   , 45   , -     , 43   , 46   , -     , 52   , 1   , 51   , 28   , -     
4, 314   , 22   , 36   , 48   , 41   , 41   , -     , 8   , 52   , -     , 36   , 30   , -     
5, 315   , 23   , 2   , 1   , 42   , 34   , -     , 40   , 37   , 47   , 54   , 1   , 34   
6, 288   , 19   , 3   , 1   , 25   , 37   , 51   , 33   , 1   , 47   , 44   , 1   , 26   
7, 378   , 18   , 40   , 50   , 31   , 1   , 42   , 49   , -     , 39   , 45   , 32   , 31   
8, 335   , 1   , 32   , 35   , 41   , -     , 38   , 37   , 45   , 46   , -     , 26   , 34   
9, 309   , 1   , 37   , 41   , 2   , 51   , 30   , -     , 48   , 47   , -     , 24   , 28   
10, 341   , 42   , 41   , 54   , -     , 24   , 49   , -     , 43   , 1   , 46   , 41   , -     
11, 316   , 35   , 36   , 32   , 38   , 42   , -     , 43   , 51   , -     , 36   , 3   , -     
12, 349   , 29   , -     , -     , 35   , 34   , 1   , 53   , 50   , 45   , 53   , -     , 49   
13, 283   , 37   , 1   , -     , 2   , 44   , 36   , 48   , -     , 38   , 44   , -     , 33   
14, 364   , 37   , 45   , 48   , 1   , -     , 44   , 41   , 2   , 34   , 41   , 43   , 28   
15, 261   , 1   , 40   , 37   , -     , -     , 38   , 42   , 35   , -     , 1   , 29   , 38   
16, 320   , -     , 40   , 62   , -     , 59   , 54   , -     , 40   , 3   , 2   , 30   , 30   
17, 338   , 41   , 40   , 49   , -     , 46   , 28   , -     , 51   , -     , 44   , 39   , -     
18, 432   , 34   , 53   , 48   , 49   , 59   , -     , 51   , 55   , 1   , 47   , 35   , -     
19, 316   , 30   , -     , -     , 25   , 56   , -     , 41   , 39   , 54   , 40   , -     , 31   
20, 310   , 41   , -     , -     , 35   , 47   , 40   , 53   , -     , 49   , 2   , -     , 43   
21, 385   , 34   , 41   , 42   , 49   , -     , 37   , 43   , -     , 40   , 34   , 29   , 36   
22, 353   , -     , 31   , 41   , 36   , 1   , 45   , 47   , 42   , 52   , 2   , 30   , 26   
23, 280   , -     , 28   , 34   , 1   , 53   , 50   , -     , 41   , 39   , -     , 34   , -     
24, 350   , 25   , 58   , 35   , -     , 40   , 41   , 1   , 36   , 2   , 62   , 49   , 1   
25, 356   , 29   , 38   , 37   , 46   , 43   , -     , 47   , 45   , -     , 45   , 26   , -     
26, 303   , 45   , 1   , -     , 41   , 49   , -     , 40   , 38   , 46   , 41   , 1   , 1   
27, 293   , 43   , 1   , -     , 44   , 36   , 40   , 45   , 1   , 36   , 35   , -     , 12   
28, 390   , 24   , 53   , 54   , 41   , 1   , 38   , 43   , 1   , 38   , 35   , 47   , 15   
29, 289   , -     , -     , 39   , 32   , 1   , 39   , 32   , 54   , 45   , 2   , 25   , 20   
30, 241   , -     , -     , 40   , -     , 50   , 39   , 1   , 50   , 32   , -     , 29   , -     
31, 179   , 50   , -     , 48   , -     , 42   , -     , -     , 38   , -     , 1   , -     , -     
" Fuente: Estadísticas Vitales, INE ",,,,,,,,,,,,,
" Nota: En el cuadro de datos, los guiones (""-"") se utilizan para indicar valores nulos o ceros. ",,,,,,,,,,,,,
CONTENIDO,,,,,,,,

,Presentación,,,,,,,
1,"Divorcios por grupos de edad del esposo, según grupos de edad de la esposa, al momento de la sentencia",,,,,,,
2,"Divorcios por pueblo de pertenencia del esposo, según pueblo de pertenencia de la esposa",,,,,,,
3,"Divorcios por mes registro, según departamento de registro",,,,,,,
4,"Divorcios por grupos ocupacionales de la esposa, según grupos ocupacionales del esposo",,,,,,,
5,"Divorcios por mes de ocurrencia, según día de ocurrencia",,,,,,,
" Divorcios por grupos de edad del esposo, según grupos de edad de la esposa, al momento de la sentencia, año 2021 ",,,,,,,,,,,,,
 Edad de la esposa , Total , Edad del esposo ,,,,,,,,,,,
,, Menos de 20 , 20-24 , 25-29 , 30-34 , 35-39 , 40-44 , 45-49 , 50-54 , 55-59 , 60 y más , Ignorado ,
 Todas las edades , 9.621   , 1   , 238   , 1.193   , 1.565   , 1.169   , 780   , 500   , 269   , 166   , 204   , 3.536   ,
 Menos de 20 , 4   , -     , 2   , 2   , -     , -     , -     , -     , -     , -     , -     , -     ,
 20 - 24 , 638   , 1   , 160   , 330   , 97   , 30   , 6   , 6   , 1   , 4   , 2   , 1   ,
 25 - 29 , 1.606   , -     , 62   , 641   , 610   , 181   , 59   , 29   , 9   , 5   , 4   , 6   ,
 30 - 34 , 1.501   , -     , 11   , 165   , 642   , 438   , 138   , 40   , 19   , 7   , 8   , 33   ,
 35 - 39 , 986   , -     , 3   , 38   , 152   , 355   , 246   , 78   , 38   , 11   , 19   , 46   ,
 40 - 44 , 647   , -     , -     , 12   , 36   , 103   , 204   , 153   , 48   , 16   , 19   , 56   ,
 45 - 49 , 349   , -     , -     , 4   , 10   , 13   , 43   , 111   , 74   , 24   , 19   , 51   ,
 50 - 54 , 167   , -     , -     , -     , 1   , 3   , 11   , 23   , 40   , 38   , 20   , 31   ,
 55 - 59 , 111   , -     , -     , -     , -     , 3   , 5   , 12   , 10   , 33   , 34   , 14   ,
 60 y más , 81   , -     , -     , 1   , -     , 1   , 1   , -     , 4   , 8   , 49   , 17   ,
 Ignorado , 3.531   , -     , -     , -     , 17   , 42   , 67   , 48   , 26   , 20   , 30   , 3.281   ,
" Divorcios por pueblo de pertenencia del esposo, según pueblo de pertenencia de la esposa, año 2021 ",,,,,,,
 Pueblo de pertenencia de la esposa , Total , Pueblo de pertenencia del esposo ,,,,,
,, Maya , Garífuna , Xinka , Mestizo / ladino , Otro , Ignorado 
 Todos los pueblos , 9.621 , 855 , 6 , 4 , 4.729 , 119 , 3.908 
 Maya , 776 , 593 , - , - , 104 , 13 , 66 
 Garífuna , 8 , - , 2 , - , 3 , 2 , 1 
 Xinka , 2 , - , - , 1 , 1 , - , - 
 Mestizo / ladino , 4.773 , 170 , 2 , 3 , 4.050 , 60 , 488 
 Otro , 135 , 15 , - , - , 89 , 18 , 13 
 Ignorado , 3.927 , 77 , 2 , - , 482 , 26 , 3.340 
" Divorcios por mes de registro, según departamento de registro, año 2021 ",,,,,,,,,,,,,
Departamento de registro,Total,Enero,Febrero,Marzo,Abril,Mayo,Junio,Julio,Agosto,Septiembre,Octubre,Noviembre,Diciembre
Todos los departamentos, 9.621 , 752 , 666 , 880 , 772 , 833 , 891 , 804 , 806 , 877 , 805 , 831 , 704 
Guatemala, 3.481 , 244 , 246 , 328 , 298 , 322 , 356 , 298 , 275 , 314 , 290 , 264 , 246 
El Progreso, 232 , 22 , 17 , 25 , 13 , 9 , 17 , 24 , 38 , 20 , 5 , 26 , 16 
Sacatepéquez, 209 , 21 , 16 , 20 , 15 , 22 , 15 , 19 , 18 , 21 , 14 , 14 , 14 
Chimaltenango, 270 , 20 , 17 , 24 , 22 , 27 , 20 , 24 , 16 , 28 , 22 , 21 , 29 
Escuintla, 407 , 30 , 27 , 35 , 33 , 33 , 24 , 32 , 35 , 35 , 33 , 48 , 42 
Santa Rosa, 323 , 30 , 23 , 40 , 30 , 10 , 31 , 28 , 22 , 31 , 18 , 39 , 21 
Sololá, 94 , 12 , 15 , 10 , 2 , 5 , 9 , 4 , 7 , 8 , 7 , 8 , 7 
Totonicapán, 143 , 9 , 7 , 18 , 11 , 26 , 17 , 10 , 10 , 10 , 8 , 9 , 8 
Quetzaltenango, 897 , 60 , 64 , 72 , 71 , 82 , 80 , 90 , 61 , 66 , 107 , 88 , 56 
Suchitepéquez, 345 , 22 , 29 , 34 , 20 , 27 , 35 , 29 , 27 , 36 , 41 , 28 , 17 
Retalhuleu, 307 , 26 , 23 , 25 , 31 , 22 , 28 , 35 , 22 , 27 , 17 , 36 , 15 
San Marcos, 381 , 32 , 17 , 21 , 30 , 29 , 38 , 27 , 35 , 41 , 35 , 47 , 29 
Huehuetenango, 370 , 25 , 30 , 15 , 26 , 39 , 46 , 30 , 41 , 31 , 34 , 34 , 19 
Quiché, 262 , 30 , 12 , 28 , 12 , 25 , 16 , 18 , 24 , 38 , 17 , 14 , 28 
Baja Verapaz, 139 , 20 , 14 , 15 , 5 , 7 , 4 , 16 , 17 , 16 , 7 , 7 , 11 
Alta Verapaz, 174 , 10 , 11 , 11 , 15 , 14 , 19 , 17 , 11 , 23 , 13 , 8 , 22 
Petén, 277 , 31 , 17 , 32 , 24 , 23 , 24 , 22 , 18 , 15 , 22 , 18 , 31 
Izabal, 303 , 24 , 19 , 29 , 27 , 38 , 28 , 25 , 26 , 20 , 28 , 24 , 15 
Zacapa, 178 , 20 , 13 , 19 , 18 , 14 , 8 , 11 , 23 , 9 , 16 , 11 , 16 
Chiquimula, 283 , 13 , 17 , 29 , 22 , 29 , 24 , 16 , 19 , 24 , 21 , 43 , 26 
Jalapa, 263 , 36 , 10 , 31 , 17 , 12 , 31 , 5 , 29 , 33 , 26 , 19 , 14 
Jutiapa, 283 , 15 , 22 , 19 , 30 , 18 , 21 , 24 , 32 , 31 , 24 , 25 , 22 
" Divorcios por grupos ocupacionales de la esposa, según subgrupos ocupacionales del esposo, año 2021 ",,,,,,,,,,,,,
 Grupos ocupacionales del esposo , Grupos ocupacionales de la esposa ,,,,,,,,,,,,
, Total , Ocupaciones militares , Directores y gerentes , Profesionales científicos e intelectuales , Técnicos y profesionales de nivel medio , Personal de apoyo administrativo , Trabajadores de los servicios y vendedores de comercios y mercados ," Agricultores y trabajadores calificados agropecuarios, forestales y pesqueros "," Oficiales, operarios y artesanos de artes mecánicas y de otros oficios ", Operadores de instalaciones y máquinas y ensambladores , Ocupaciones elementales , Ocupación  no especificada , Ignorado 
 Todos los grupos ocupacionales , 9.621 , 3 , 25 , 910 , 397 , 692 , 300 , - , 39 , 31 , 23 , 5.242 , 1.959 
 Ocupaciones militares , 22 , 2 , - , 2 , 1 , 3 , 2 , - , - , - , - , 11 , 1 
 Directores y gerentes , 34 , - , 5 , 8 , - , 6 , 2 , - , - , - , - , 13 , - 
 Profesionales científicos e intelectuales , 703 , - , 7 , 244 , 49 , 67 , 14 , - , 2 , 2 , - , 286 , 32 
 Técnicos y profesionales de nivel medio , 811 , - , 1 , 145 , 113 , 154 , 28 , - , 1 , 2 , 1 , 341 , 25 
 Personal de apoyo administrativo , 411 , - , - , 66 , 38 , 97 , 16 , - , 1 , 1 , 3 , 167 , 22 
 Trabajadores de los servicios y vendedores de comercios y mercados , 749 , 1 , 2 , 74 , 29 , 61 , 83 , - , 5 , 2 , 3 , 464 , 25 
" Agricultores y trabajadores calificados agropecuarios, forestales y pesqueros ", 30 , - , - , 4 , 2 , 3 , - , - , - , - , 2 , 19 , - 
" Oficiales, operarios y artesanos de artes mecánicas y de otros oficios ", 672 , - , - , 47 , 34 , 47 , 33 , - , 13 , 7 , - , 444 , 47 
 Operadores de instalaciones y máquinas y ensambladores , 289 , - , - , 23 , 11 , 19 , 16 , - , 4 , 4 , 2 , 190 , 20 
 Ocupaciones elementales , 1.385 , - , - , 29 , 26 , 33 , 37 , - , 7 , 5 , 5 , 1.132 , 111 
 No especificado en otro grupo , 2.730 , - , 10 , 243 , 80 , 185 , 56 , - , 4 , 6 , - , 2.021 , 125 
 Ignorado , 1.785 , - , - , 25 , 14 , 17 , 13 , - , 2 , 2 , 7 , 154 , 1.551 
"Divorcios por mes de ocurrencia, según día de ocurrencia, año 2021",,,,,,,,,,,,,
Día de ocurrencia,Total,Enero,Febrero,Marzo,Abril,Mayo,Junio,Julio,Agosto,Septiembre,Octubre,Noviembre,Diciembre
Todos los días, 9.621   , 688   , 777   , 982   , 858   , 854   , 802   , 853   , 864   , 837   , 905   , 746   , 455   
1, 294   , 1   , 54   , 41   , 1   , 1   , 26   , 36   , 2   , 51   , 39   , -     , 42   
2, 298   , -     , 40   , 41   , 2   , -     , 26   , 41   , 40   , 43   , 1   , 41   , 23   
3, 295   , 1   , 34   , 41   , 2   , 47   , 29   , -     , 45   , 37   , -     , 33   , 26   
4, 307   , 17   , 42   , 39   , 1   , 40   , 39   , -     , 48   , 1   , 39   , 41   , -     
5, 333   , 27   , 41   , 37   , 37   , 39   , -     , 25   , 38   , 1   , 41   , 47   , -     
6, 259   , 24   , -     , -     , 45   , 30   , 1   , 42   , 28   , 31   , 36   , -     , 22   
7, 267   , 18   , -     , -     , 35   , 48   , 32   , 40   , -     , 39   , 40   , -     , 15   
8, 384   , 32   , 46   , 43   , 43   , 1   , 16   , 58   , -     , 49   , 45   , 33   , 18   
9, 385   , 2   , 37   , 55   , 38   , -     , 49   , 62   , 50   , 33   , -     , 32   , 27   
10, 271   , -     , 29   , 47   , -     , 33   , 38   , -     , 33   , 41   , 1   , 29   , 20   
11, 327   , 32   , 35   , 39   , -     , 34   , 50   , -     , 41   , 1   , 57   , 38   , -     
12, 334   , 25   , 26   , 47   , 46   , 44   , 2   , 41   , 50   , -     , 50   , 3   , -     
13, 318   , 33   , -     , -     , 33   , 56   , -     , 45   , 35   , 51   , 42   , -     , 23   
14, 301   , 31   , -     , -     , 34   , 39   , 44   , 41   , -     , 42   , 48   , -     , 22   
15, 335   , 28   , 42   , 47   , 55   , 2   , 37   , 29   , -     , -     , 39   , 36   , 20   
16, 338   , 2   , 41   , 38   , 41   , -     , 44   , 44   , 18   , 44   , -     , 38   , 28   
17, 318   , -     , 38   , 66   , -     , 38   , 24   , -     , 40   , 53   , -     , 33   , 26   
18, 348   , 41   , 30   , 46   , 1   , 57   , 44   , -     , 43   , -     , 50   , 36   , -     
19, 398   , 35   , 33   , 55   , 60   , 45   , -     , 40   , 39   , -     , 50   , 41   , -     
20, 230   , 25   , -     , -     , 45   , 36   , -     , 37   , 45   , 25   , 1   , -     , 16   
21, 314   , 52   , 1   , -     , 32   , 39   , 48   , 27   , 1   , 39   , 46   , 1   , 28   
22, 415   , 38   , 37   , 39   , 48   , -     , 51   , 46   , 1   , 45   , 42   , 43   , 25   
23, 322   , -     , 34   , 30   , 48   , -     , 45   , 26   , 47   , 38   , 1   , 37   , 16   
24, 271   , -     , 54   , 45   , 1   , 36   , 37   , -     , 45   , 14   , -     , 39   , -     
25, 333   , 35   , 34   , 56   , 1   , 41   , 45   , -     , 35   , -     , 45   , 41   , -     
26, 369   , 37   , 48   , 43   , 42   , 46   , -     , 32   , 39   , -     , 45   , 37   , -     
27, 281   , 53   , -     , 1   , 53   , 26   , 1   , 44   , 21   , 43   , 38   , -     , 1   
28, 300   , 55   , 1   , 2   , 52   , 39   , 10   , 34   , -     , 36   , 53   , 1   , 17   
29, 350   , 44   , -     , 49   , 60   , -     , 34   , 24   , -     , 27   , 56   , 36   , 20   
30, 248   , -     , -     , 33   , 2   , -     , 30   , 38   , 42   , 53   , -     , 30   , 20   
31, 78   , -     , -     , 2   , -     , 37   , -     , 1   , 38   , -     , -     , -     , -     
CONTENIDO,,,,,,,,

,Presentación,,,,,,,
1,"Divorcios por grupos de edad del esposo, según grupos de edad de la esposa, al momento de la sentencia",,,,,,,
2,"Divorcios por pueblo de pertenencia del esposo, según pueblo de pertenencia de la esposa",,,,,,,
3,"Divorcios por mes registro, según departamento de registro",,,,,,,
4,"Divorcios por grupos ocupacionales de la esposa, según grupos ocupacionales del esposo",,,,,,,
5,"Divorcios por mes de ocurrencia, según día de ocurrencia",,,,,,,
" Divorcios por grupos de edad del esposo, según grupos de edad de la esposa, al momento de la sentencia, año 2020 ",,,,,,,,,,,,,
 Edad de la esposa , Total , Edad del esposo ,,,,,,,,,,,
,, Menos de 20 , 20-24 , 25-29 , 30-34 , 35-39 , 40-44 , 45-49 , 50-54 , 55-59 , 60 y más , Ignorado ,
 Todas las edades , 4.074   , 1   , 115   , 528   , 668   , 427   , 294   , 188   , 104   , 68   , 81   , 1.600   ,
 Menos de 20 , 3   , -     , -     , 2   , 1   , -     , -     , -     , -     , -     , -     , -     ,
 20 - 24 , 314   , 1   , 83   , 157   , 43   , 19   , 9   , 1   , -     , -     , 1   , -     ,
 25 - 29 , 673   , -     , 24   , 282   , 245   , 78   , 25   , 7   , 2   , 2   , 4   , 4   ,
 30 - 34 , 593   , -     , 4   , 67   , 284   , 144   , 54   , 13   , 4   , 4   , 4   , 15   ,
 35 - 39 , 380   , -     , 3   , 10   , 68   , 137   , 94   , 30   , 11   , 3   , 6   , 18   ,
 40 - 44 , 232   , -     , 1   , 6   , 15   , 33   , 68   , 55   , 14   , 6   , 7   , 27   ,
 45 - 49 , 142   , -     , -     , 2   , 3   , 1   , 16   , 48   , 28   , 15   , 13   , 16   ,
 50 - 54 , 65   , -     , -     , 1   , 1   , 2   , 2   , 11   , 24   , 12   , 5   , 7   ,
 55 - 59 , 31   , -     , -     , -     , -     , -     , 1   , 2   , 2   , 11   , 10   , 5   ,
 60 y más , 34   , -     , -     , -     , -     , 2   , -     , 1   , 4   , 2   , 21   , 4   ,
 Ignorado , 1.607   , -     , -     , 1   , 8   , 11   , 25   , 20   , 15   , 13   , 10   , 1.504   ,
" Divorcios por pueblo de pertenencia del esposo, según pueblo de pertenencia de la esposa, año 2020 ",,,,,,,
 Pueblo de pertenencia de la esposa , Total , Pueblo de pertenencia del esposo ,,,,,
,, Maya , Garífuna , Xinka , Mestizo / ladino , Otro , Ignorado 
 Todos los pueblos , 4.074 , 374 , 1 , - , 1.924 , 44 , 1.731 
 Maya , 354 , 268 , - , - , 55 , 6 , 25 
 Garífuna , - , - , - , - , - , - , - 
 Xinka , - , - , - , - , - , - , - 
 Mestizo / ladino , 1.944 , 70 , 1 , - , 1.641 , 20 , 212 
 Otro , 47 , 5 , - , - , 25 , 10 , 7 
 Ignorado , 1.729 , 31 , - , - , 203 , 8 , 1.487 
" Divorcios por mes de registro, según departamento de registro, año 2020 ",,,,,,,,,,,,,
Departamento de registro,Total,Enero,Febrero,Marzo,Abril,Mayo,Junio,Julio,Agosto,Septiembre,Octubre,Noviembre,Diciembre
Todos los departamentos, 4.074 , 507 , 642 , 479 , 213 , 149 , 121 , 81 , 126 , 240 , 438 , 544 , 534 
Guatemala, 1.412 , 177 , 251 , 207 , 94 , 37 , 34 , 21 , 52 , 63 , 112 , 209 , 155 
El Progreso, 67 , 12 , 11 , 7 , 1 , 1 , 1 , 2 , 6 , 6 , 8 , 6 , 6 
Sacatepéquez, 98 , 23 , 14 , 6 , 2 , 5 , 4 , 1 , 1 , 3 , 8 , 13 , 18 
Chimaltenango, 127 , 18 , 11 , 13 , 2 , 3 , 3 , - , 2 , 5 , 20 , 22 , 28 
Escuintla, 137 , 10 , 24 , 25 , 7 , 6 , 5 , 3 , 5 , 10 , 12 , 17 , 13 
Santa Rosa, 160 , 14 , 23 , 9 , 2 , 1 , 2 , 1 , 3 , 8 , 44 , 31 , 22 
Sololá, 42 , 3 , 15 , 5 , 2 , 3 , 4 , - , - , 1 , 2 , 5 , 2 
Totonicapán, 73 , 9 , 10 , 11 , 4 , 6 , 1 , 1 , 1 , 4 , 6 , 16 , 4 
Quetzaltenango, 442 , 57 , 73 , 46 , 17 , 13 , 13 , 13 , 9 , 21 , 43 , 52 , 85 
Suchitepéquez, 153 , 16 , 17 , 13 , 5 , 7 , 3 , 7 , 2 , 8 , 28 , 22 , 25 
Retalhuleu, 113 , 8 , 12 , 10 , 6 , 7 , 2 , 1 , 4 , 12 , 16 , 23 , 12 
San Marcos, 178 , 18 , 16 , 15 , 19 , 14 , 4 , 4 , 9 , 19 , 15 , 21 , 24 
Huehuetenango, 128 , 13 , 18 , 10 , 9 , 13 , 6 , 4 , 5 , 6 , 10 , 14 , 20 
Quiché, 139 , 20 , 19 , 16 , 8 , 4 , 9 , 1 , 6 , 16 , 13 , 16 , 11 
Baja Verapaz, 43 , 9 , 3 , 7 , 1 , - , 2 , 2 , - , 2 , 3 , 8 , 6 
Alta Verapaz, 91 , 8 , 10 , 3 , 9 , 3 , 6 , - , - , 8 , 15 , 13 , 16 
Petén, 118 , 19 , 25 , 12 , 2 , 3 , 1 , 9 , 5 , 4 , 14 , 12 , 12 
Izabal, 122 , 14 , 17 , 17 , 4 , 8 , 4 , 1 , 4 , 15 , 18 , 12 , 8 
Zacapa, 80 , 18 , 11 , 9 , 2 , 3 , 3 , - , - , 7 , 8 , 9 , 10 
Chiquimula, 132 , 14 , 12 , 11 , 8 , 6 , 10 , 7 , 7 , 6 , 22 , 17 , 12 
Jalapa, 95 , 5 , 19 , 7 , 2 , - , 2 , 1 , 3 , 13 , 7 , 3 , 33 
Jutiapa, 124 , 22 , 31 , 20 , 7 , 6 , 2 , 2 , 2 , 3 , 14 , 3 , 12 
" Divorcios por grupos ocupacionales de la esposa, según subgrupos ocupacionales del esposo, año 2020 ",,,,,,,,,,,,,
 Grupos ocupacionales del esposo , Grupos ocupacionales de la esposa ,,,,,,,,,,,,
, Total , Ocupaciones militares , Directores y gerentes , Profesionales científicos e intelectuales , Técnicos y profesionales de nivel medio , Personal de apoyo administrativo , Trabajadores de los servicios y vendedores de comercios y mercados ," Agricultores y trabajadores calificados agropecuarios, forestales y pesqueros "," Oficiales, operarios y artesanos de artes mecánicas y de otros oficios ", Operadores de instalaciones y máquinas y ensambladores , Ocupaciones elementales , Ocupación  no especificada , Ignorado 
 Todos los grupos ocupacionales , 4.074 , 1 , 8 , 368 , 169 , 248 , 115 , - , 21 , 14 , 7 , 2.284 , 839 
 Ocupaciones militares , 10 , 1 , - , 2 , 2 , - , - , - , - , - , - , 5 , - 
 Directores y gerentes , 15 , - , 2 , 4 , 2 , 2 , 1 , - , - , - , - , 4 , - 
 Profesionales científicos e intelectuales , 281 , - , 2 , 94 , 21 , 29 , 7 , - , - , - , 1 , 113 , 14 
 Técnicos y profesionales de nivel medio , 330 , - , - , 64 , 59 , 48 , 11 , - , - , - , - , 138 , 10 
 Personal de apoyo administrativo , 167 , - , - , 32 , 9 , 44 , 6 , - , 1 , - , 1 , 65 , 9 
 Trabajadores de los servicios y vendedores de comercios y mercados , 314 , - , - , 32 , 11 , 23 , 47 , - , 1 , 1 , - , 185 , 14 
" Agricultores y trabajadores calificados agropecuarios, forestales y pesqueros ", 13 , - , - , 3 , - , - , - , - , - , - , - , 10 , - 
" Oficiales, operarios y artesanos de artes mecánicas y de otros oficios ", 254 , - , - , 20 , 10 , 16 , 11 , - , 5 , 3 , - , 170 , 19 
 Operadores de instalaciones y máquinas y ensambladores , 121 , - , - , 9 , 3 , 1 , 7 , - , - , 2 , - , 92 , 7 
 Ocupaciones elementales , 636 , - , - , 14 , 7 , 8 , 6 , - , 4 , 3 , 1 , 547 , 46 
 No especificado en otro grupo , 1.183 , - , 4 , 89 , 35 , 73 , 17 , - , 8 , 5 , 3 , 895 , 54 
 Ignorado , 750 , - , - , 5 , 10 , 4 , 2 , - , 2 , - , 1 , 60 , 666 
"Divorcios por mes de ocurrencia, según día de ocurrencia, año 2020",,,,,,,,,,,,,
Día de ocurrencia,Total,Enero,Febrero,Marzo,Abril,Mayo,Junio,Julio,Agosto,Septiembre,Octubre,Noviembre,Diciembre
Todos los días, 4.074   , 608   , 700   , 457   , 2   , 8   , 30   , 27   , 123   , 347   , 778   , 438   , 556   
1, 68   , -     , 1   , 2   , -     , -     , -     , 1   , -     , 17   , 15   , -     , 32   
2, 134   , 20   , -     , 42   , -     , -     , -     , 1   , -     , 18   , 29   , -     , 24   
3, 152   , 15   , 37   , 27   , -     , 1   , 1   , 2   , -     , 17   , -     , 20   , 32   
4, 160   , 1   , 32   , 42   , -     , -     , 1   , -     , 1   , 22   , -     , 17   , 44   
5, 118   , -     , 45   , 27   , -     , -     , 1   , -     , 2   , -     , 28   , 15   , -     
6, 151   , 20   , 34   , 43   , -     , 1   , -     , 2   , 2   , -     , 22   , 27   , -     
7, 117   , 13   , 36   , -     , -     , -     , -     , 1   , -     , 12   , 26   , -     , 29   
8, 88   , 13   , -     , -     , -     , -     , -     , 7   , 1   , 18   , 29   , -     , 20   
9, 173   , 16   , -     , 46   , -     , -     , 1   , 1   , -     , 11   , 47   , 21   , 30   
10, 154   , 21   , 37   , 34   , -     , -     , -     , -     , 10   , 12   , 1   , 18   , 21   
11, 147   , -     , 38   , 42   , -     , 1   , 1   , 1   , 4   , 18   , -     , 21   , 21   
12, 128   , -     , 42   , 33   , -     , -     , -     , -     , 7   , -     , 41   , 5   , -     
13, 189   , 32   , 31   , 55   , -     , -     , -     , -     , 6   , -     , 39   , 23   , 3   
14, 125   , 18   , 30   , -     , -     , 1   , -     , 2   , 9   , -     , 30   , -     , 35   
15, 94   , 37   , 1   , -     , -     , -     , -     , 1   , 1   , -     , 31   , 1   , 22   
16, 207   , 27   , -     , 59   , -     , -     , 6   , -     , -     , 21   , 40   , 25   , 29   
17, 133   , 25   , 31   , 1   , 1   , -     , 4   , -     , 4   , 17   , -     , 20   , 30   
18, 136   , -     , 40   , -     , -     , -     , 4   , -     , 4   , 26   , -     , 25   , 37   
19, 115   , -     , 38   , 1   , -     , -     , 3   , 1   , 5   , -     , 42   , 24   , 1   
20, 115   , 33   , 34   , 1   , -     , -     , -     , 1   , 10   , -     , 1   , 34   , 1   
21, 152   , 32   , 33   , -     , -     , -     , -     , -     , 4   , 11   , 45   , -     , 27   
22, 119   , 26   , -     , 1   , -     , -     , -     , 1   , -     , 19   , 34   , -     , 38   
23, 147   , 38   , 1   , -     , -     , -     , -     , -     , -     , 12   , 49   , 25   , 22   
24, 123   , 34   , 33   , -     , -     , -     , 2   , -     , 4   , 14   , 1   , 35   , -     
25, 94   , -     , 39   , -     , -     , 1   , 3   , -     , 3   , 24   , 2   , 22   , -     
26, 103   , -     , 21   , 1   , -     , 1   , 1   , -     , 1   , -     , 51   , 27   , -     
27, 130   , 41   , 28   , -     , -     , -     , -     , 1   , 7   , -     , 37   , 16   , -     
28, 180   , 33   , 38   , -     , -     , 2   , -     , -     , 18   , 20   , 46   , -     , 23   
29, 140   , 39   , -     , -     , 1   , -     , 1   , 2   , -     , 25   , 47   , -     , 25   
30, 129   , 42   , -     , -     , -     , -     , 1   , 1   , -     , 13   , 45   , 17   , 10   
31, 53   , 32   , -     , -     , -     , -     , -     , 1   , 20   , -     , -     , -     , -     
CONTENIDO,,,,,,,,

1,"Divorcios por grupos de edad del esposo, según grupos de edad de la esposa, al momento de la sentencia",,,,,,,
2,"Divorcios por pueblo de pertenencia del esposo, según pueblo de pertenencia de la esposa",,,,,,,
3,"Divorcios por mes registro, según departamento de registro",,,,,,,
4,"Divorcios por grupos ocupacionales de la esposa, según grupos ocupacionales del esposo",,,,,,,
5,"Divorcios por mes de ocurrencia, según día de ocurrencia",,,,,,,
" Divorcios por grupos de edad del esposo, según grupos de edad de la esposa, al momento de la sentencia, año 2019 ",,,,,,,,,,,,,
 Edad de la esposa , Total , Edad del esposo ,,,,,,,,,,,
,, 18-19 , 20-24 , 25-29 , 30-34 , 35-39 , 40-44 , 45-49 , 50-54 , 55-59 , 60 y más , Ignorado ,
 Todas las edades , 8.203   , 1   , 259   , 965   , 1.106   , 825   , 547   , 284   , 196   , 114   , 125   , 3.781   ,
 18 - 19 , 39   , -     , 17   , 16   , 4   , 2   , -     , -     , -     , -     , -     , -     ,
 20 - 24 , 633   , 1   , 172   , 299   , 109   , 35   , 9   , 4   , 4   , -     , -     , -     ,
 25 - 29 , 1.149   , -     , 54   , 490   , 412   , 127   , 31   , 15   , 6   , 3   , 2   , 9   ,
 30 - 34 , 1.029   , -     , 11   , 123   , 439   , 299   , 92   , 23   , 10   , 1   , 5   , 26   ,
 35 - 39 , 701   , -     , 5   , 26   , 93   , 257   , 176   , 47   , 24   , 13   , 7   , 53   ,
 40 - 44 , 395   , -     , -     , 7   , 24   , 57   , 147   , 63   , 34   , 21   , 8   , 34   ,
 45 - 49 , 243   , -     , -     , 2   , 4   , 9   , 39   , 74   , 44   , 17   , 17   , 37   ,
 50 - 54 , 109   , -     , -     , -     , -     , 2   , 3   , 14   , 33   , 16   , 23   , 18   ,
 55 - 59 , 69   , -     , -     , -     , 1   , 1   , 2   , 6   , 7   , 23   , 19   , 10   ,
 60 y más , 44   , -     , -     , -     , -     , -     , 1   , -     , 2   , 2   , 27   , 12   ,
 Ignorado , 3.792   , -     , -     , 2   , 20   , 36   , 47   , 38   , 32   , 18   , 17   , 3.582   ,
" Divorcios por pueblo de pertenencia del esposo, según pueblo de pertenencia de la esposa, año 2019 ",,,,,,,
 Pueblo de pertenencia de la esposa , Total , Pueblo de pertenencia del esposo ,,,,,
,, Maya , Garífuna , Xinka , Mestizo / ladino , Otro , Ignorado 
 Todos los pueblos , 8.203 , 623 , 1 , - , 3.467 , 70 , 4.042 
 Maya , 579 , 448 , - , - , 77 , 8 , 46 
 Garífuna , 2 , - , - , - , 1 , 1 , - 
 Xinka , - , - , - , - , - , - , - 
 Mestizo / ladino , 3.467 , 119 , - , - , 2.942 , 43 , 363 
 Otro , 77 , 5 , 1 , - , 52 , 7 , 12 
 Ignorado , 4.078 , 51 , - , - , 395 , 11 , 3.621 
" Divorcios por mes de registro, según departamento de registro, año 2019 ",,,,,,,,,,,,,
Departamento de registro,Total,Enero,Febrero,Marzo,Abril,Mayo,Junio,Julio,Agosto,Septiembre,Octubre,Noviembre,Diciembre
Todos los departamentos, 8.203 , 667 , 539 , 569 , 481 , 760 , 775 , 765 , 798 , 743 , 750 , 777 , 579 
Guatemala, 3.687 , 307 , 197 , 244 , 240 , 374 , 410 , 366 , 346 , 351 , 293 , 342 , 217 
El Progreso, 144 , 13 , 7 , 15 , 13 , 7 , 18 , 11 , 12 , 15 , 8 , 5 , 20 
Sacatepéquez, 185 , 14 , 14 , 8 , 10 , 14 , 15 , 28 , 14 , 15 , 19 , 18 , 16 
Chimaltenango, 171 , 8 , 15 , 13 , 14 , 17 , 11 , 7 , 22 , 14 , 16 , 22 , 12 
Escuintla, 335 , 20 , 21 , 18 , 18 , 28 , 31 , 15 , 49 , 31 , 36 , 39 , 29 
Santa Rosa, 189 , 17 , 18 , 11 , 7 , 22 , 13 , 17 , 17 , 13 , 20 , 14 , 20 
Sololá, 104 , 7 , 5 , 6 , 9 , 15 , - , 10 , 15 , 9 , 10 , 10 , 8 
Totonicapán, 128 , 5 , 11 , 9 , 10 , 10 , 20 , 13 , 10 , 11 , 17 , 9 , 3 
Quetzaltenango, 739 , 53 , 63 , 55 , 36 , 68 , 46 , 74 , 66 , 62 , 83 , 86 , 47 
Suchitepéquez, 195 , 13 , 7 , 12 , 10 , 19 , 20 , 15 , 13 , 15 , 29 , 25 , 17 
Retalhuleu, 189 , 17 , 7 , 7 , 7 , 13 , 14 , 25 , 24 , 22 , 20 , 21 , 12 
San Marcos, 267 , 20 , 19 , 14 , 13 , 25 , 31 , 26 , 26 , 15 , 19 , 35 , 24 
Huehuetenango, 229 , 21 , 23 , 11 , 12 , 18 , 13 , 18 , 18 , 29 , 23 , 27 , 16 
Quiche, 188 , 14 , 17 , 14 , 4 , 8 , 21 , 19 , 20 , 15 , 28 , 11 , 17 
Baja Verapaz, 130 , 8 , 12 , 16 , 7 , 16 , 13 , 5 , 8 , 9 , 12 , 13 , 11 
Alta Verapaz, 132 , 8 , 16 , 10 , 7 , 10 , 8 , 12 , 13 , 11 , 13 , 13 , 11 
Peten, 212 , 24 , 19 , 20 , 9 , 23 , 10 , 13 , 19 , 20 , 20 , 13 , 22 
Izabal, 208 , 15 , 17 , 18 , 21 , 12 , 8 , 26 , 24 , 20 , 17 , 12 , 18 
Zacapa, 202 , 12 , 14 , 27 , 12 , 15 , 18 , 10 , 19 , 15 , 21 , 21 , 18 
Chiquimula, 159 , 21 , 11 , 12 , 5 , 7 , 14 , 12 , 17 , 16 , 13 , 14 , 17 
Jalapa, 212 , 35 , 12 , 17 , 9 , 21 , 12 , 24 , 24 , 12 , 24 , 14 , 8 
Jutiapa, 198 , 15 , 14 , 12 , 8 , 18 , 29 , 19 , 22 , 23 , 9 , 13 , 16 
" Divorcios por grupos ocupacionales de la esposa, según subgrupos ocupacionales del esposo, año 2019 ",,,,,,,,,,,,,
 Grupos ocupacionales del esposo , Grupos ocupacionales de la esposa ,,,,,,,,,,,,
, Total , Ocupaciones militares , Directores y gerentes , Profesionales científicos e intelectuales , Técnicos y profesionales de nivel medio , Personal de apoyo administrativo , Trabajadores de los servicios y vendedores de comercios y mercados ," Agricultores y trabajadores calificados agropecuarios, forestales y pesqueros "," Oficiales, operarios y artesanos de artes mecánicas y de otros oficios ", Operadores de instalaciones y máquinas y ensambladores , Ocupaciones elementales , Ocupación  no especificada , Ignorado 
 Todos los grupos ocupacionales , 8.203 , 1 , 28 , 723 , 301 , 585 , 225 , - , 45 , 28 , 14 , 4.418 , 1.835 
 Ocupaciones militares , 18 , - , - , 2 , - , 1 , - , - , - , - , - , 15 , - 
 Directores y gerentes , 47 , - , 3 , 17 , 1 , 7 , 1 , - , - , - , - , 13 , 5 
 Profesionales científicos e intelectuales , 567 , - , 14 , 209 , 28 , 52 , 10 , - , 2 , - , 1 , 229 , 22 
 Técnicos y profesionales de nivel medio , 549 , - , 2 , 100 , 90 , 122 , 18 , - , - , 1 , - , 197 , 19 
 Personal de apoyo administrativo , 358 , - , 1 , 44 , 23 , 104 , 10 , - , 1 , 2 , - , 152 , 21 
 Trabajadores de los servicios y vendedores de comercios y mercados , 620 , - , 2 , 70 , 30 , 53 , 76 , - , 7 , 2 , - , 351 , 29 
" Agricultores y trabajadores calificados agropecuarios, forestales y pesqueros ", 23 , - , - , 1 , 1 , 1 , 2 , - , - , - , 1 , 16 , 1 
" Oficiales, operarios y artesanos de artes mecánicas y de otros oficios ", 539 , - , 1 , 41 , 28 , 31 , 20 , - , 18 , 3 , 1 , 370 , 26 
 Operadores de instalaciones y máquinas y ensambladores , 226 , - , - , 13 , 13 , 18 , 16 , - , - , 3 , 1 , 144 , 18 
 Ocupaciones elementales , 1.052 , - , - , 22 , 18 , 12 , 9 , - , 6 , 5 , 5 , 874 , 101 
 No especificado en otro grupo , 2.558 , 1 , 5 , 187 , 60 , 173 , 55 , - , 10 , 10 , 2 , 1.951 , 104 
 Ignorado , 1.646 , - , - , 17 , 9 , 11 , 8 , - , 1 , 2 , 3 , 106 , 1.489 
"Divorcios por mes de ocurrencia, según día de ocurrencia, año 2019",,,,,,,,,,,,,
Día de ocurrencia,Total,Enero,Febrero,Marzo,Abril,Mayo,Junio,Julio,Agosto,Septiembre,Octubre,Noviembre,Diciembre
Todos los días, 8.203   , 508   , 604   , 889   , 755   , 874   , 753   , 852   , 767   , 620   , 738   , 550   , 293   
1, 233   , 2   , 25   , 38   , 45   , 38   , 2   , 3   , 41   , -     , 39   , -     , -     
2, 263   , 9   , -     , -     , 44   , 31   , -     , 33   , 36   , 50   , 27   , 1   , 32   
3, 295   , 18   , -     , 2   , 42   , 33   , 47   , 52   , 1   , 40   , 29   , -     , 31   
4, 339   , 10   , 35   , 48   , 61   , 1   , 45   , 41   , -     , 35   , 17   , 31   , 15   
5, 310   , 2   , 32   , 33   , 34   , -     , 48   , 47   , 33   , 36   , -     , 30   , 15   
6, 244   , -     , 34   , 42   , -     , 46   , 24   , -     , 36   , 18   , -     , 27   , 17   
7, 253   , 13   , 28   , 51   , -     , 28   , 40   , -     , 38   , -     , 33   , 22   , -     
8, 295   , 10   , 29   , 32   , 49   , 41   , -     , 38   , 30   , 1   , 40   , 25   , -     
9, 248   , 12   , -     , -     , 43   , 37   , -     , 44   , 30   , 41   , 23   , 1   , 17   
10, 240   , 19   , -     , -     , 51   , 15   , 31   , 39   , -     , 35   , 33   , -     , 17   
11, 339   , 26   , 28   , 60   , 37   , 3   , 46   , 29   , -     , 40   , 27   , 31   , 12   
12, 245   , -     , 25   , 35   , 31   , -     , 56   , 44   , 6   , 29   , 1   , -     , 18   
13, 235   , -     , 29   , 47   , -     , 28   , 36   , -     , 40   , 17   , -     , 19   , 19   
14, 306   , 37   , 25   , 46   , -     , 49   , 38   , -     , 50   , -     , 38   , 23   , -     
15, 302   , 30   , 27   , 32   , 46   , 46   , -     , 47   , 16   , -     , 29   , 29   , -     
16, 234   , 25   , -     , -     , 47   , 35   , -     , 27   , 36   , 2   , 45   , -     , 17   
17, 165   , 16   , -     , -     , -     , 29   , 1   , 44   , 1   , 34   , 31   , -     , 9   
18, 282   , 17   , 31   , 39   , -     , -     , 27   , 34   , -     , 34   , 34   , 45   , 21   
19, 257   , 1   , 30   , 43   , 3   , -     , 48   , 27   , 36   , 33   , -     , 26   , 10   
20, 289   , -     , 40   , 48   , -     , 54   , 29   , -     , 39   , 24   , -     , 36   , 19   
21, 271   , 41   , 37   , 45   , -     , 43   , 43   , -     , 34   , 1   , 2   , 25   , -     
22, 337   , 28   , 36   , 31   , 41   , 31   , 1   , 66   , 43   , -     , 34   , 26   , -     
23, 254   , 19   , -     , 1   , 34   , 38   , -     , 44   , 42   , 42   , 34   , -     , -     
24, 218   , 33   , -     , -     , 37   , 35   , 29   , 42   , -     , 7   , 35   , -     , -     
25, 302   , 23   , 37   , 44   , 28   , 1   , 40   , 38   , -     , 29   , 30   , 32   , -     
26, 282   , -     , 20   , 41   , 42   , 1   , 36   , 26   , 46   , 25   , -     , 31   , 14   
27, 264   , -     , 30   , 44   , -     , 51   , 37   , -     , 45   , 20   , -     , 27   , 10   
28, 291   , 32   , 26   , 45   , -     , 31   , 48   , 1   , 35   , -     , 47   , 26   , -     
29, 243   , 30   , -     , 41   , 8   , 38   , 1   , 15   , 27   , -     , 46   , 37   , -     
30, 236   , 28   , -     , 1   , 32   , 53   , -     , 31   , 26   , 27   , 38   , -     , -     
31, 131   , 27   , -     , -     , -     , 38   , -     , 40   , -     , -     , 26   , -     , -     
CONTENIDO,,,,,,,,

1,"Divorcios por grupos de edad del esposo, según grupos de edad de la esposa, al momento de la sentencia",,,,,,,
2,"Divorcios por pueblo de pertenencia del hombre, según pueblo de pertenencia de la mujer",,,,,,,
3,"Divorcios por mes registro, según departamento de registro",,,,,,,
4,"Divorcios por subgrupos ocupacionales de la mujer, según subgrupos ocupacionales del hombre",,,,,,,
5,"Divorcios por mes de ocurrencia, según día de ocurrencia",,,,,,,
" Divorcios por grupos de edad del esposo, según grupos de edad de la esposa, al momento de la sentencia, año 2018 ",,,,,,,,,,,,,
 Edad de la esposa , Total , Edad del esposo ,,,,,,,,,,,
,, 15-19 , 20-24 , 25-29 , 30-34 , 35-39 , 40-44 , 45-49 , 50-54 , 55-59 , 60 y más , Ignorado ,
 Todas las edades , 6.255   , 2   , 245   , 814   , 725   , 582   , 390   , 194   , 133   , 87   , 124   , 2.959   ,
 15 - 19 , 57   , 1   , 31   , 19   , 5   , -     , -     , 1   , -     , -     , -     , -     ,
 20 - 24 , 557   , 1   , 158   , 269   , 89   , 23   , 7   , 3   , 3   , 2   , 2   , -     ,
 25 - 29 , 918   , -     , 38   , 416   , 273   , 98   , 47   , 11   , 8   , 3   , 3   , 21   ,
 30 - 34 , 668   , -     , 6   , 79   , 243   , 210   , 64   , 13   , 9   , 4   , 2   , 38   ,
 35 - 39 , 475   , -     , 2   , 19   , 69   , 156   , 129   , 29   , 9   , 6   , 5   , 51   ,
 40 - 44 , 258   , -     , 1   , 7   , 19   , 29   , 78   , 54   , 18   , 6   , 6   , 40   ,
 45 - 49 , 155   , -     , 4   , -     , 5   , 9   , 17   , 35   , 34   , 9   , 18   , 24   ,
 50 - 54 , 99   , -     , 1   , 1   , 4   , 3   , 1   , 6   , 25   , 21   , 16   , 21   ,
 55 - 59 , 63   , -     , -     , -     , -     , 3   , 1   , 1   , 4   , 19   , 26   , 9   ,
 60 y más , 46   , -     , -     , -     , 1   , -     , 2   , 1   , -     , 5   , 30   , 7   ,
 Ignorado , 2.959   , -     , 4   , 4   , 17   , 51   , 44   , 40   , 23   , 12   , 16   , 2.748   ,
" Divorcios por pueblo de pertenencia del hombre, según pueblo de pertenencia de la mujer, año 2018 ",,,,,,,
 Pueblo de pertenencia de la mujer , Total , Pueblo de pertenencia del hombre ,,,,,
,, Maya , Garífuna , Xinka , Mestizo / ladino , Otro , Ignorado 
 Todos los pueblos , 6.255 , 531 , 1 , 1 , 2.443 , 43 , 3.236 
 Maya , 450 , 341 , - , - , 63 , 5 , 41 
 Garífuna , 1 , - , - , - , 1 , - , - 
 Xinka , 1 , - , - , 1 , - , - , - 
 Mestizo / ladino , 2.492 , 118 , - , - , 2.036 , 28 , 310 
 Otro , 64 , 9 , 1 , - , 41 , 7 , 6 
 Ignorado , 3.247 , 63 , - , - , 302 , 3 , 2.879 
" Divorcios por mes de registro, según departamento de registro, año 2018 ",,,,,,,,,,,,,
Departamento de registro,Total,Enero,Febrero,Marzo,Abril,Mayo,Junio,Julio,Agosto,Septiembre,Octubre,Noviembre,Diciembre
Todos los departamentos, 6.255 , 373 , 532 , 470 , 462 , 607 , 534 , 528 , 555 , 587 , 622 , 535 , 450 
Guatemala, 2.221 , 118 , 169 , 184 , 179 , 228 , 201 , 189 , 207 , 205 , 229 , 164 , 148 
El Progreso, 130 , 8 , 23 , 9 , 5 , 5 , 5 , 15 , 8 , 14 , 12 , 9 , 17 
Sacatepequez, 169 , 10 , 13 , 9 , 18 , 18 , 8 , 13 , 11 , 21 , 16 , 21 , 11 
Chimaltenango, 150 , 6 , 12 , 16 , 10 , 6 , 13 , 20 , 12 , 16 , 10 , 20 , 9 
Escuintla, 267 , 11 , 27 , 18 , 17 , 33 , 18 , 28 , 31 , 17 , 18 , 23 , 26 
Santa Rosa, 159 , 6 , 17 , 7 , 8 , 15 , 19 , 15 , 11 , 14 , 23 , 12 , 12 
Solola, 72 , 6 , 5 , 3 , 4 , 7 , 5 , 11 , 6 , 9 , 3 , 7 , 6 
Totonicapan, 124 , 8 , 7 , 8 , 11 , 9 , 14 , 14 , 5 , 3 , 17 , 16 , 12 
Quetzaltenango, 582 , 43 , 43 , 41 , 29 , 50 , 51 , 33 , 57 , 69 , 67 , 53 , 46 
Suchitepequez, 184 , 10 , 9 , 8 , 14 , 28 , 19 , 12 , 21 , 20 , 21 , 12 , 10 
Retalhuleu, 149 , 15 , 13 , 16 , 11 , 17 , 9 , 13 , 10 , 12 , 13 , 9 , 11 
San Marcos, 246 , 10 , 32 , 26 , 18 , 25 , 21 , 17 , 22 , 14 , 24 , 24 , 13 
Huehuetenango, 190 , 19 , 20 , 12 , 12 , 15 , 23 , 15 , 15 , 15 , 14 , 20 , 10 
Quiche, 190 , 13 , 25 , 20 , 11 , 19 , 20 , 8 , 11 , 14 , 21 , 20 , 8 
Baja Verapaz, 133 , 16 , 15 , 10 , 14 , 9 , 3 , 12 , 10 , 12 , 10 , 10 , 12 
Alta Verapaz, 138 , 7 , 12 , 7 , 16 , 15 , 15 , 7 , 15 , 9 , 12 , 13 , 10 
Peten, 190 , 5 , 16 , 11 , 14 , 12 , 14 , 30 , 13 , 18 , 15 , 25 , 17 
Izabal, 255 , 13 , 14 , 22 , 23 , 28 , 14 , 20 , 31 , 35 , 20 , 22 , 13 
Zacapa, 149 , 13 , 13 , 4 , 9 , 17 , 17 , 12 , 14 , 15 , 12 , 10 , 13 
Chiquimula, 151 , 10 , 8 , 15 , 13 , 19 , 15 , 17 , 13 , 15 , 15 , 7 , 4 
Jalapa, 180 , 10 , 20 , 11 , 16 , 16 , 10 , 15 , 9 , 20 , 18 , 17 , 18 
Jutiapa, 226 , 16 , 19 , 13 , 10 , 16 , 20 , 12 , 23 , 20 , 32 , 21 , 24 
" Divorcios por subgrupos ocupacionales de la mujer, según subgrupos ocupacionales del hombre, año 2018 ",,,,,,,,,,,,,
 Subgrupos ocupacionales del hombre , Subgrupos ocupacionales de la mujer ,,,,,,,,,,,,
, Total , Ocupaciones militares , Directores y gerentes , Profesionales científicos e intelectuales , Técnicos y profesionales de nivel medio , Personal de apoyo administrativo , Trabajadores de los servicios y vendedores de comercios y mercados ," Agricultores y trabajadores calificados agropecuarios, forestales y pesqueros "," Oficiales, operarios y artesanos de artes mecánicas y de otros oficios ", Operadores de intalaciones y máquinas y ensambladores , Ocupaciones elementales , Ocupación  no especificada , Ignorado 
 Todos los grupos ocupacionales , 6.255 , 1 , 17 , 517 , 198 , 426 , 139 , - , 39 , 21 , 13 , 3.349 , 1.535 
 Ocupaciones militares , 13 , 1 , - , 3 , 2 , 3 , - , - , - , - , - , 4 , - 
 Directores y gerentes , 14 , - , 1 , 4 , - , 3 , 1 , - , - , - , - , 4 , 1 
 Profesionales científicos e intelectuales , 423 , - , 8 , 173 , 20 , 41 , 6 , - , 3 , - , - , 153 , 19 
 Técnicos y profesionales de nivel medio , 438 , - , - , 71 , 61 , 85 , 8 , - , - , 1 , 1 , 195 , 16 
 Personal de apoyo administrativo , 260 , - , 1 , 37 , 13 , 67 , 7 , - , 1 , 1 , - , 118 , 15 
 Trabajadores de los servicios y vendedores de comercios y mercados , 442 , - , 3 , 32 , 10 , 37 , 37 , - , 10 , 1 , 1 , 286 , 25 
" Agricultores y trabajadores calificados agropecuarios, forestales y pesqueros ", 16 , - , - , 1 , - , - , 1 , - , - , - , - , 12 , 2 
" Oficiales, operarios y artesanos de artes mecánicas y de otros oficios ", 364 , - , - , 27 , 12 , 22 , 11 , - , 10 , 6 , 2 , 238 , 36 
 Operadores de instalaciones y máquinas y ensambladores , 187 , - , - , 6 , 6 , 22 , 9 , - , 3 , 5 , - , 128 , 8 
 Ocupaciones elementales , 917 , - , - , 25 , 16 , 12 , 18 , - , 3 , 3 , 4 , 737 , 99 
 No especificado en otro grupo , 1.808 , - , 4 , 120 , 49 , 118 , 32 , - , 9 , 4 , 5 , 1.374 , 93 
 Ignorado , 1.373 , - , - , 18 , 9 , 16 , 9 , - , - , - , - , 100 , 1.221 
"Divorcios por mes de ocurrencia, según día de ocurrencia, año 2018",,,,,,,,,,,,,
Día de ocurrencia,Total,Enero,Febrero,Marzo,Abril,Mayo,Junio,Julio,Agosto,Septiembre,Octubre,Noviembre,Diciembre
Todos los días, 6.255   , 405   , 511   , 511   , 579   , 596   , 579   , 633   , 624   , 516   , 646   , 390   , 265   
1, 125   , 3   , 20   , 27   , 1   , -     , 16   , -     , 31   , -     , 27   , -     , -     
2, 192   , -     , 17   , 26   , 41   , 24   , 1   , 31   , 28   , -     , 24   , -     , -     
3, 186   , 10   , -     , 1   , 41   , 23   , -     , 20   , 23   , 27   , 17   , -     , 24   
4, 203   , 13   , -     , -     , 22   , 31   , 43   , 25   , 1   , 22   , 19   , -     , 27   
5, 271   , 17   , 13   , 27   , 28   , 1   , 30   , 28   , -     , 33   , 40   , 29   , 25   
6, 233   , 1   , 21   , 30   , 21   , -     , 29   , 30   , 32   , 29   , 2   , 21   , 17   
7, 198   , -     , 17   , 25   , -     , 29   , 26   , 1   , 30   , 31   , 1   , 26   , 12   
8, 194   , 21   , 29   , 18   , 1   , 22   , 30   , 1   , 31   , -     , 22   , 18   , 1   
9, 231   , 10   , 33   , 24   , 28   , 20   , -     , 34   , 34   , 1   , 29   , 18   , -     
10, 172   , 18   , -     , -     , 18   , 10   , -     , 30   , 27   , 35   , 26   , -     , 8   
11, 183   , 15   , -     , 1   , 19   , 25   , 29   , 32   , -     , 25   , 26   , -     , 11   
12, 282   , 21   , 37   , 44   , 28   , -     , 38   , 38   , -     , 31   , 25   , 4   , 16   
13, 231   , 1   , 30   , 31   , 30   , -     , 28   , 28   , 20   , 27   , -     , 30   , 6   
14, 196   , -     , 34   , 37   , -     , 34   , 29   , -     , 27   , 3   , -     , 17   , 15   
15, 170   , 21   , 19   , 14   , -     , 26   , 23   , -     , 19   , 1   , 32   , 15   , -     
16, 186   , 17   , 20   , 25   , 6   , 28   , -     , 24   , 26   , -     , 24   , 16   , -     
17, 208   , 12   , 1   , 1   , 30   , 28   , -     , 25   , 26   , 35   , 36   , -     , 14   
18, 205   , 25   , -     , -     , 26   , 30   , 15   , 36   , 2   , 30   , 29   , -     , 12   
19, 278   , 26   , 33   , 35   , 37   , 1   , 32   , 29   , -     , 21   , 27   , 25   , 12   
20, 243   , -     , 25   , 21   , 26   , -     , 27   , 36   , 31   , 42   , 1   , 14   , 20   
21, 168   , -     , 22   , 18   , 1   , 25   , 31   , 1   , 27   , 10   , -     , 23   , 10   
22, 162   , 20   , 21   , 31   , -     , 15   , 22   , -     , 25   , -     , 9   , 19   , -     
23, 259   , 24   , 30   , 25   , 34   , 54   , -     , 34   , 14   , -     , 26   , 18   , -     
24, 196   , 27   , -     , -     , 29   , 38   , -     , 22   , 30   , 15   , 34   , -     , 1   
25, 192   , 26   , -     , -     , 26   , 28   , 28   , 25   , -     , 24   , 35   , -     , -     
26, 247   , 11   , 26   , 22   , 31   , -     , 32   , 30   , -     , 26   , 31   , 29   , 9   
27, 237   , 1   , 34   , 26   , 23   , -     , 32   , 32   , 34   , 26   , -     , 20   , 9   
28, 175   , 2   , 29   , 2   , -     , 27   , 35   , -     , 27   , 21   , 1   , 15   , 16   
29, 124   , 22   , -     , -     , -     , 24   , 3   , -     , 25   , -     , 33   , 17   , -     
30, 181   , 14   , -     , -     , 32   , 29   , -     , 14   , 37   , 1   , 38   , 16   , -     
31, 127   , 27   , -     , -     , -     , 24   , -     , 27   , 17   , -     , 32   , -     , -     
CONTENIDO,,,,,,,,

1,"Divorcios por grupos de edad del esposo, según grupos de edad de la esposa, al momento de la sentencia",,,,,,,
2,"Divorcios por pueblo de pertenencia del hombre, según pueblo de pertenencia de la mujer",,,,,,,
3,"Divorcios por mes registro, según departamento de registro",,,,,,,
4,"Divorcios por subgrupos ocupacionales de la mujer, según subgrupos ocupacionales del hombre",,,,,,,
5,"Divorcios por mes de ocurrencia, según día de ocurrencia",,,,,,,
" Divorcios por grupos de edad del esposo, según grupos de edad de la esposa, al momento de la sentencia, año 2016 ",,,,,,,,,,,,,,
 Edad de la esposa , Total , Edad del esposo ,,,,,,,,,,,,
,, Menos de 15 , 15-19 , 20-24 , 25-29 , 30-34 , 35-39 , 40-44 , 45-49 , 50-54 , 55-59 , 60 y más , Ignorado ,
 Todas las edades , 5.665   , -     , 10   , 276   , 638   , 630   , 416   , 278   , 162   , 122   , 82   , 88   , 2.963   ,
 Menos de 15 , -     , -     , -     , -     , -     , -     , -     , -     , -     , -     , -     , -     , -     ,
 15 - 19 , 98   , -     , 4   , 61   , 25   , 5   , 3   , -     , -     , -     , -     , -     , -     ,
 20 - 24 , 536   , -     , 4   , 177   , 209   , 96   , 29   , 7   , 3   , 3   , -     , 2   , 6   ,
 25 - 29 , 682   , -     , 1   , 31   , 294   , 224   , 71   , 23   , 6   , 4   , 2   , 4   , 22   ,
 30 - 34 , 525   , -     , -     , 7   , 78   , 202   , 131   , 46   , 9   , 4   , 4   , 1   , 43   ,
 35 - 39 , 347   , -     , -     , -     , 19   , 54   , 108   , 80   , 25   , 4   , 6   , 6   , 45   ,
 40 - 44 , 218   , -     , -     , -     , 5   , 7   , 24   , 68   , 44   , 18   , 6   , 4   , 42   ,
 45 - 49 , 134   , -     , -     , -     , 1   , 5   , 6   , 13   , 30   , 30   , 14   , 12   , 23   ,
 50 - 54 , 71   , -     , -     , -     , -     , 1   , 1   , 2   , 8   , 24   , 14   , 11   , 10   ,
 55 - 59 , 42   , -     , -     , -     , -     , -     , -     , 2   , 2   , 3   , 12   , 10   , 13   ,
 60 y más , 30   , -     , -     , -     , -     , -     , -     , -     , 1   , -     , 4   , 20   , 5   ,
 Ignorado , 2.982   , -     , 1   , -     , 7   , 36   , 43   , 37   , 34   , 32   , 20   , 18   , 2.754   ,
" Divorcios por pueblo de pertenencia del hombre, según pueblo de pertenencia de la mujer, año 2016 ",,,,,,,
 Pueblo de pertenencia de la mujer , Total , Pueblo de pertenencia del hombre ,,,,,
,, Maya , Garífuna , Xinka , Mestizo / ladino , Otro , Ignorado 
 Todos los pueblos , 5.665 , 386 , 1 , - , 2.042 , 15 , 3.221 
 Maya , 361 , 280 , - , - , 43 , 3 , 35 
 Garífuna , 2 , - , 1 , - , - , - , 1 
 Xinka , - , - , - , - , - , - , - 
 Mestizo / ladino , 2.061 , 60 , - , - , 1.688 , 5 , 308 
 Otro , 20 , 4 , - , - , 9 , 6 , 1 
 Ignorado , 3.221 , 42 , - , - , 302 , 1 , 2.876 
" Divorcios por mes de registro, según departamento de registro, año 2016 ",,,,,,,,,,,,,
Departamento de registro,Total,Enero,Febrero,Marzo,Abril,Mayo,Junio,Julio,Agosto,Septiembre,Octubre,Noviembre,Diciembre
Todos los departamentos, 5.665 , 405 , 442 , 567 , 448 , 490 , 497 , 395 , 498 , 525 , 525 , 430 , 443 
Guatemala, 2.280 , 138 , 195 , 272 , 178 , 205 , 209 , 151 , 180 , 215 , 238 , 145 , 154 
El Progreso, 94 , 6 , 5 , 4 , 7 , 8 , 7 , 6 , 8 , 7 , 10 , 10 , 16 
Sacatepequez, 110 , 9 , 5 , 13 , 12 , 16 , 11 , 6 , 9 , 7 , 9 , 9 , 4 
Chimaltenango, 101 , 4 , 9 , 7 , 8 , 11 , 3 , 7 , 10 , 10 , 18 , 9 , 5 
Escuintla, 290 , 20 , 12 , 24 , 23 , 36 , 31 , 24 , 18 , 39 , 12 , 23 , 28 
Santa Rosa, 152 , 10 , 9 , 12 , 6 , 16 , 21 , 17 , 18 , 12 , 10 , 8 , 13 
Solola, 61 , 4 , 2 , 3 , 8 , 6 , 7 , 5 , 10 , 5 , 2 , 4 , 5 
Totonicapan, 83 , 9 , 9 , 9 , 4 , 8 , 6 , 1 , 7 , 9 , 10 , 6 , 5 
Quetzaltenango, 386 , 25 , 35 , 41 , 25 , 27 , 40 , 24 , 31 , 38 , 32 , 38 , 30 
Suchitepequez, 167 , 21 , 12 , 15 , 17 , 14 , 13 , 15 , 15 , 8 , 16 , 8 , 13 
Retalhuleu, 204 , 16 , 15 , 28 , 16 , 12 , 14 , 16 , 23 , 18 , 22 , 13 , 11 
San Marcos, 215 , 18 , 12 , 18 , 17 , 15 , 22 , 12 , 20 , 19 , 21 , 20 , 21 
Huehuetenango, 171 , 10 , 17 , 18 , 9 , 19 , 16 , 19 , 7 , 11 , 9 , 10 , 26 
Quiche, 159 , 19 , 12 , 6 , 9 , 10 , 14 , 15 , 13 , 18 , 17 , 18 , 8 
Baja Verapaz, 107 , 6 , 9 , 5 , 8 , 6 , 6 , 12 , 12 , 14 , 9 , 10 , 10 
Alta Verapaz, 120 , 5 , 9 , 19 , 4 , 11 , 7 , 10 , 8 , 13 , 12 , 9 , 13 
Peten, 140 , 9 , 13 , 15 , 13 , 9 , 9 , 6 , 17 , 12 , 14 , 11 , 12 
Izabal, 184 , 11 , 14 , 7 , 20 , 15 , 13 , 6 , 33 , 15 , 15 , 21 , 14 
Zacapa, 140 , 10 , 13 , 6 , 7 , 7 , 10 , 11 , 15 , 19 , 20 , 11 , 11 
Chiquimula, 145 , 19 , 7 , 11 , 8 , 15 , 10 , 9 , 12 , 12 , 13 , 13 , 16 
Jalapa, 140 , 13 , 9 , 10 , 14 , 9 , 16 , 11 , 12 , 12 , - , 21 , 13 
Jutiapa, 216 , 23 , 19 , 24 , 35 , 15 , 12 , 12 , 20 , 12 , 16 , 13 , 15 
" Divorcios por subgrupos ocupacionales de la mujer, según subgrupos ocupacionales del hombre, año 2016 ",,,,,,,,,,,,,
 Subgrupos ocupacionales del hombre , Subgrupos ocupacionales de la mujer ,,,,,,,,,,,,
, Total , Ocupaciones militares , Directores y gerentes , Profesionales científicos e intelectuales , Técnicos y profesionales de nivel medio , Personal de apoyo administrativo , Trabajadores de los servicios y vendedores de comercios y mercados ," Agricultores y trabajadores calificados agropecuarios, forestales y pesqueros "," Oficiales, operarios y artesanos de artes mecánicas y de otros oficios ", Operadores de intalaciones y máquinas y ensambladores , Ocupaciones elementales , Ocupación  no especificada , Ignorado 
 Todos los grupos ocupacionales , 5.665 , - , 12 , 450 , 147 , 396 , 137 , - , 32 , 24 , 7 , 2.926 , 1.534 
 Ocupaciones militares , 13 , - , - , 4 , 1 , - , - , - , 1 , - , - , 6 , 1 
 Directores y gerentes , 13 , - , 1 , 3 , - , 1 , 1 , - , - , - , - , 5 , 2 
 Profesionales científicos e intelectuales , 376 , - , 3 , 135 , 16 , 44 , 9 , - , 2 , - , - , 136 , 31 
 Técnicos y profesionales de nivel medio , 351 , - , 3 , 72 , 37 , 82 , 2 , - , - , - , - , 132 , 23 
 Personal de apoyo administrativo , 225 , - , 1 , 26 , 8 , 62 , 11 , - , - , - , - , 98 , 19 
 Trabajadores de los servicios y vendedores de comercios y mercados , 340 , - , - , 32 , 14 , 31 , 32 , - , 2 , 2 , - , 198 , 29 
" Agricultores y trabajadores calificados agropecuarios, forestales y pesqueros ", 11 , - , - , - , 1 , - , - , - , - , - , - , 7 , 3 
" Oficiales, operarios y artesanos de artes mecánicas y de otros oficios ", 273 , - , - , 13 , 14 , 25 , 10 , - , 8 , 2 , - , 179 , 22 
 Operadores de instalaciones y máquinas y ensambladores , 162 , - , - , 15 , 5 , 18 , 15 , - , 2 , 6 , - , 90 , 11 
 Ocupaciones elementales , 811 , - , - , 17 , 5 , 16 , 13 , - , 9 , 4 , 1 , 662 , 84 
 No especificado en otro grupo , 1.646 , - , 2 , 115 , 38 , 100 , 34 , - , 6 , 9 , 4 , 1.239 , 99 
 Ignorado , 1.444 , - , 2 , 18 , 8 , 17 , 10 , - , 2 , 1 , 2 , 174 , 1.210 

"Divorcios por mes de ocurrencia, según día de ocurrencia, año 2016",,,,,,,,,,,,,
Día de ocurrencia,Total,Enero,Febrero,Marzo,Abril,Mayo,Junio,Julio,Agosto,Septiembre,Octubre,Noviembre,Diciembre
Todos los días, 5.665   , 404   , 557   , 462   , 541   , 459   , 568   , 540   , 557   , 481   , 482   , 370   , 244   
1, 170   , -     , 27   , 27   , 26   , 1   , 18   , 2   , 23   , 28   , -     , -     , 18   
2, 175   , -     , 31   , 17   , -     , 3   , 27   , -     , 18   , 22   , -     , 45   , 12   
3, 163   , -     , 21   , 15   , 1   , 18   , 29   , -     , 24   , -     , 30   , 25   , -     
4, 212   , 15   , 23   , 15   , 33   , 19   , -     , 35   , 26   , -     , 24   , 22   , -     
5, 196   , 15   , 19   , -     , 23   , 20   , -     , 39   , 16   , 31   , 12   , 1   , 20   
6, 191   , 13   , 1   , -     , 28   , 20   , 32   , 17   , -     , 19   , 37   , -     , 24   
7, 227   , 18   , 1   , 35   , 32   , -     , 23   , 21   , -     , 31   , 28   , 23   , 15   
8, 252   , 23   , 37   , 27   , 14   , -     , 27   , 31   , 43   , 27   , -     , 15   , 8   
9, 151   , -     , 21   , 21   , -     , 24   , 29   , -     , 19   , 14   , -     , 9   , 14   
10, 163   , -     , 24   , 25   , -     , 13   , 31   , -     , 22   , 2   , 29   , 17   , -     
11, 214   , 21   , 40   , 18   , 28   , 26   , 1   , 24   , 25   , -     , 16   , 15   , -     
12, 211   , 16   , 24   , -     , 30   , 18   , 1   , 24   , 24   , 38   , 29   , -     , 7   
13, 158   , 18   , -     , -     , 30   , 20   , 21   , 13   , -     , 22   , 22   , -     , 12   
14, 201   , 13   , -     , 19   , 33   , 1   , 32   , 28   , 1   , 29   , 24   , 13   , 8   
15, 203   , 23   , 30   , 28   , 14   , -     , 36   , 24   , 22   , 1   , 1   , 12   , 12   
16, 171   , -     , 30   , 23   , -     , 34   , 25   , 1   , 26   , 6   , 1   , 15   , 10   
17, 152   , -     , 27   , 21   , -     , 29   , 18   , -     , 19   , 1   , 25   , 12   , -     
18, 224   , 20   , 24   , 27   , 29   , 21   , -     , 35   , 27   , -     , 21   , 20   , -     
19, 209   , 26   , 23   , -     , 22   , 12   , -     , 30   , 29   , 26   , 27   , -     , 14   
20, 163   , 22   , 1   , -     , 26   , 22   , 29   , 28   , -     , 20   , -     , 1   , 14   
21, 214   , 26   , 1   , 28   , 24   , -     , 26   , 29   , 1   , 16   , 36   , 17   , 10   
22, 235   , 31   , 31   , 21   , 25   , -     , 23   , 28   , 20   , 27   , 1   , 16   , 12   
23, 132   , -     , 31   , -     , 1   , 21   , 22   , 1   , 25   , 14   , -     , 16   , 1   
24, 108   , 2   , 14   , -     , -     , 17   , 26   , -     , 17   , -     , 20   , 12   , -     
25, 203   , 28   , 27   , 1   , 28   , 17   , -     , 25   , 31   , -     , 32   , 14   , -     
26, 194   , 23   , 24   , -     , 18   , 36   , -     , 24   , 25   , 26   , 18   , -     , -     
27, 144   , 11   , 1   , -     , 24   , 24   , 20   , 28   , -     , 12   , 13   , -     , 11   
28, 213   , 19   , 1   , 23   , 29   , -     , 24   , 29   , -     , 22   , 33   , 19   , 14   
29, 212   , 21   , 23   , 27   , 22   , -     , 22   , 24   , 24   , 28   , 1   , 13   , 7   
30, 138   , -     , -     , 23   , 1   , 22   , 26   , -     , 27   , 19   , 1   , 18   , 1   
31, 66   , -     , -     , 21   , -     , 21   , -     , -     , 23   , -     , 1   , -     , -     
